{
  "type": "FeatureCollection",
  "features": [
    {
      "type": "Feature",
      "properties": {
        "id": "0cc8a595-b782-4678-9709-313fd5a26023",
        "name": "10 de octubre",
        "description": "esta es una juridiccion de nombre 10 de octubre perteneciente a san juan de lurinagancho",
        "color": "#817e7e",
        "createdAt": "2025-06-11T17:13:24.225Z",
        "updatedAt": "2025-06-11T17:13:24.225Z",
        "zoneId": null,
        "userId": "c0b1d5b9-11c6-4150-9342-46d3142eab82"
      },
      "geometry": {
        "type": "Polygon",
        "coordinates": [
          [
            [
              -77.0162,
              -11.94267
            ],
            [
              -77.01608,
              -11.94253
            ],
            [
              -77.01607,
              -11.94252
            ],
            [
              -77.01569,
              -11.94232
            ],
            [
              -77.01537,
              -11.94241
            ],
            [
              -77.01533,
              -11.94243
            ],
            [
              -77.01524,
              -11.94248
            ],
            [
              -77.01508,
              -11.94256
            ],
            [
              -77.01505,
              -11.94257
            ],
            [
              -77.015,
              -11.94258
            ],
            [
              -77.01491,
              -11.94261
            ],
            [
              -77.0147,
              -11.94269
            ],
            [
              -77.01464,
              -11.9427
            ],
            [
              -77.01452,
              -11.94272
            ],
            [
              -77.01442,
              -11.94274
            ],
            [
              -77.01412,
              -11.9428
            ],
            [
              -77.01409,
              -11.9428
            ],
            [
              -77.01404,
              -11.94279
            ],
            [
              -77.01396,
              -11.94281
            ],
            [
              -77.01373,
              -11.94284
            ],
            [
              -77.01369,
              -11.94284
            ],
            [
              -77.01366,
              -11.94284
            ],
            [
              -77.01353,
              -11.94285
            ],
            [
              -77.01324,
              -11.94288
            ],
            [
              -77.01286,
              -11.94292
            ],
            [
              -77.01271,
              -11.94292
            ],
            [
              -77.01262,
              -11.94293
            ],
            [
              -77.01258,
              -11.94292
            ],
            [
              -77.01253,
              -11.94292
            ],
            [
              -77.01239,
              -11.9429
            ],
            [
              -77.01235,
              -11.94289
            ],
            [
              -77.01228,
              -11.94288
            ],
            [
              -77.01221,
              -11.94285
            ],
            [
              -77.01215,
              -11.94283
            ],
            [
              -77.01213,
              -11.94282
            ],
            [
              -77.01194,
              -11.94271
            ],
            [
              -77.01184,
              -11.94265
            ],
            [
              -77.01176,
              -11.94259
            ],
            [
              -77.01166,
              -11.94251
            ],
            [
              -77.01152,
              -11.94242
            ],
            [
              -77.01145,
              -11.94237
            ],
            [
              -77.01128,
              -11.94228
            ],
            [
              -77.01108,
              -11.94217
            ],
            [
              -77.01096,
              -11.94209
            ],
            [
              -77.01082,
              -11.94203
            ],
            [
              -77.01071,
              -11.94196
            ],
            [
              -77.01064,
              -11.94194
            ],
            [
              -77.0105,
              -11.94189
            ],
            [
              -77.01039,
              -11.94186
            ],
            [
              -77.01025,
              -11.9418
            ],
            [
              -77.01004,
              -11.94173
            ],
            [
              -77.01,
              -11.94171
            ],
            [
              -77.00995,
              -11.9417
            ],
            [
              -77.00983,
              -11.94168
            ],
            [
              -77.00967,
              -11.94164
            ],
            [
              -77.0096,
              -11.94164
            ],
            [
              -77.00957,
              -11.94163
            ],
            [
              -77.00934,
              -11.9416
            ],
            [
              -77.00919,
              -11.9416
            ],
            [
              -77.00908,
              -11.9416
            ],
            [
              -77.009,
              -11.94161
            ],
            [
              -77.00884,
              -11.94164
            ],
            [
              -77.00862,
              -11.94167
            ],
            [
              -77.00822,
              -11.94166
            ],
            [
              -77.00818,
              -11.94165
            ],
            [
              -77.00806,
              -11.94162
            ],
            [
              -77.00791,
              -11.94158
            ],
            [
              -77.00784,
              -11.94156
            ],
            [
              -77.00735,
              -11.94149
            ],
            [
              -77.00722,
              -11.94158
            ],
            [
              -77.00704,
              -11.9417
            ],
            [
              -77.00695,
              -11.94177
            ],
            [
              -77.00669,
              -11.94195
            ],
            [
              -77.00665,
              -11.94198
            ],
            [
              -77.00648,
              -11.94216
            ],
            [
              -77.00631,
              -11.94244
            ],
            [
              -77.00624,
              -11.9427
            ],
            [
              -77.0062,
              -11.94275
            ],
            [
              -77.0061,
              -11.94289
            ],
            [
              -77.00607,
              -11.94293
            ],
            [
              -77.006,
              -11.94299
            ],
            [
              -77.00599,
              -11.94302
            ],
            [
              -77.00596,
              -11.94308
            ],
            [
              -77.00592,
              -11.94314
            ],
            [
              -77.00589,
              -11.94318
            ],
            [
              -77.00581,
              -11.94331
            ],
            [
              -77.00572,
              -11.94343
            ],
            [
              -77.00573,
              -11.94361
            ],
            [
              -77.00564,
              -11.94388
            ],
            [
              -77.00556,
              -11.94403
            ],
            [
              -77.00553,
              -11.94413
            ],
            [
              -77.00551,
              -11.94416
            ],
            [
              -77.00537,
              -11.94443
            ],
            [
              -77.00525,
              -11.94446
            ],
            [
              -77.00515,
              -11.94448
            ],
            [
              -77.00502,
              -11.9445
            ],
            [
              -77.00495,
              -11.94452
            ],
            [
              -77.00491,
              -11.94452
            ],
            [
              -77.00481,
              -11.94453
            ],
            [
              -77.00475,
              -11.94453
            ],
            [
              -77.00468,
              -11.94454
            ],
            [
              -77.00445,
              -11.94459
            ],
            [
              -77.00437,
              -11.9446
            ],
            [
              -77.00424,
              -11.94464
            ],
            [
              -77.00411,
              -11.94468
            ],
            [
              -77.00385,
              -11.94475
            ],
            [
              -77.00372,
              -11.94479
            ],
            [
              -77.00358,
              -11.94483
            ],
            [
              -77.00346,
              -11.94488
            ],
            [
              -77.00333,
              -11.94495
            ],
            [
              -77.00321,
              -11.945
            ],
            [
              -77.0032,
              -11.945
            ],
            [
              -77.00301,
              -11.94505
            ],
            [
              -77.0028,
              -11.94511
            ],
            [
              -77.0026,
              -11.94518
            ],
            [
              -77.00255,
              -11.9452
            ],
            [
              -77.00235,
              -11.94524
            ],
            [
              -77.00217,
              -11.94519
            ],
            [
              -77.00215,
              -11.94519
            ],
            [
              -77.00214,
              -11.94519
            ],
            [
              -77.00209,
              -11.9452
            ],
            [
              -77.00206,
              -11.9452
            ],
            [
              -77.00204,
              -11.94521
            ],
            [
              -77.00201,
              -11.94522
            ],
            [
              -77.00193,
              -11.94525
            ],
            [
              -77.0019,
              -11.94527
            ],
            [
              -77.00182,
              -11.94532
            ],
            [
              -77.00181,
              -11.94532
            ],
            [
              -77.0016,
              -11.94531
            ],
            [
              -77.00148,
              -11.9453
            ],
            [
              -77.00129,
              -11.94534
            ],
            [
              -77.00112,
              -11.94535
            ],
            [
              -77.00102,
              -11.94538
            ],
            [
              -77.00082,
              -11.94544
            ],
            [
              -77.00069,
              -11.9455
            ],
            [
              -77.0005,
              -11.94543
            ],
            [
              -77.00035,
              -11.94543
            ],
            [
              -77.00019,
              -11.94546
            ],
            [
              -76.99995,
              -11.94549
            ],
            [
              -76.99978,
              -11.94558
            ],
            [
              -76.99959,
              -11.9456
            ],
            [
              -76.99945,
              -11.94566
            ],
            [
              -76.9994,
              -11.94568
            ],
            [
              -76.9993,
              -11.9457
            ],
            [
              -76.99917,
              -11.94573
            ],
            [
              -76.9991,
              -11.94575
            ],
            [
              -76.99905,
              -11.94576
            ],
            [
              -76.99894,
              -11.94577
            ],
            [
              -76.99892,
              -11.94577
            ],
            [
              -76.99874,
              -11.94578
            ],
            [
              -76.99873,
              -11.94577
            ],
            [
              -76.99861,
              -11.94575
            ],
            [
              -76.99851,
              -11.94574
            ],
            [
              -76.9984,
              -11.94569
            ],
            [
              -76.9983,
              -11.94565
            ],
            [
              -76.99821,
              -11.94564
            ],
            [
              -76.9981,
              -11.94561
            ],
            [
              -76.99794,
              -11.94561
            ],
            [
              -76.99787,
              -11.94561
            ],
            [
              -76.99779,
              -11.94561
            ],
            [
              -76.99774,
              -11.94563
            ],
            [
              -76.99764,
              -11.94569
            ],
            [
              -76.9975,
              -11.94576
            ],
            [
              -76.9974,
              -11.94581
            ],
            [
              -76.9973,
              -11.94585
            ],
            [
              -76.99714,
              -11.94591
            ],
            [
              -76.99697,
              -11.94589
            ],
            [
              -76.99694,
              -11.94588
            ],
            [
              -76.99675,
              -11.94585
            ],
            [
              -76.99653,
              -11.94587
            ],
            [
              -76.9964,
              -11.94601
            ],
            [
              -76.99624,
              -11.94614
            ],
            [
              -76.99612,
              -11.94617
            ],
            [
              -76.99596,
              -11.94622
            ],
            [
              -76.99595,
              -11.94622
            ],
            [
              -76.9957,
              -11.94625
            ],
            [
              -76.99557,
              -11.94626
            ],
            [
              -76.9955,
              -11.94627
            ],
            [
              -76.99524,
              -11.94628
            ],
            [
              -76.99514,
              -11.94639
            ],
            [
              -76.99498,
              -11.94656
            ],
            [
              -76.99491,
              -11.94667
            ],
            [
              -76.99481,
              -11.94674
            ],
            [
              -76.99472,
              -11.9468
            ],
            [
              -76.99461,
              -11.94687
            ],
            [
              -76.99459,
              -11.94688
            ],
            [
              -76.99454,
              -11.9469
            ],
            [
              -76.99447,
              -11.94693
            ],
            [
              -76.99436,
              -11.94699
            ],
            [
              -76.99411,
              -11.94727
            ],
            [
              -76.99391,
              -11.94734
            ],
            [
              -76.99383,
              -11.94741
            ],
            [
              -76.9938,
              -11.94752
            ],
            [
              -76.99375,
              -11.94758
            ],
            [
              -76.99366,
              -11.94765
            ],
            [
              -76.99362,
              -11.94769
            ],
            [
              -76.99356,
              -11.94774
            ],
            [
              -76.99348,
              -11.9478
            ],
            [
              -76.99346,
              -11.94782
            ],
            [
              -76.99339,
              -11.94785
            ],
            [
              -76.99335,
              -11.94788
            ],
            [
              -76.99331,
              -11.9479
            ],
            [
              -76.99328,
              -11.94791
            ],
            [
              -76.99322,
              -11.94793
            ],
            [
              -76.99315,
              -11.94796
            ],
            [
              -76.99314,
              -11.94796
            ],
            [
              -76.99312,
              -11.94798
            ],
            [
              -76.99311,
              -11.94799
            ],
            [
              -76.99308,
              -11.94801
            ],
            [
              -76.99307,
              -11.94802
            ],
            [
              -76.99304,
              -11.94804
            ],
            [
              -76.993,
              -11.94808
            ],
            [
              -76.993,
              -11.94808
            ],
            [
              -76.99298,
              -11.94809
            ],
            [
              -76.99296,
              -11.9481
            ],
            [
              -76.99295,
              -11.9481
            ],
            [
              -76.99294,
              -11.94811
            ],
            [
              -76.99292,
              -11.94812
            ],
            [
              -76.99291,
              -11.94812
            ],
            [
              -76.99289,
              -11.94813
            ],
            [
              -76.99286,
              -11.94815
            ],
            [
              -76.99283,
              -11.94817
            ],
            [
              -76.99282,
              -11.94817
            ],
            [
              -76.99279,
              -11.94819
            ],
            [
              -76.99279,
              -11.94819
            ],
            [
              -76.99276,
              -11.9482
            ],
            [
              -76.99271,
              -11.94821
            ],
            [
              -76.99267,
              -11.94822
            ],
            [
              -76.99264,
              -11.94821
            ],
            [
              -76.99258,
              -11.94819
            ],
            [
              -76.9925,
              -11.94816
            ],
            [
              -76.99244,
              -11.94818
            ],
            [
              -76.99239,
              -11.94823
            ],
            [
              -76.99234,
              -11.94827
            ],
            [
              -76.99231,
              -11.94829
            ],
            [
              -76.99228,
              -11.94829
            ],
            [
              -76.9922,
              -11.9483
            ],
            [
              -76.99216,
              -11.94829
            ],
            [
              -76.99211,
              -11.94832
            ],
            [
              -76.99209,
              -11.94832
            ],
            [
              -76.99207,
              -11.94834
            ],
            [
              -76.99202,
              -11.94838
            ],
            [
              -76.99198,
              -11.94841
            ],
            [
              -76.99195,
              -11.94843
            ],
            [
              -76.99193,
              -11.94844
            ],
            [
              -76.99188,
              -11.9485
            ],
            [
              -76.99184,
              -11.94852
            ],
            [
              -76.99177,
              -11.94855
            ],
            [
              -76.99172,
              -11.94858
            ],
            [
              -76.9917,
              -11.9486
            ],
            [
              -76.99169,
              -11.9486
            ],
            [
              -76.99168,
              -11.94861
            ],
            [
              -76.99167,
              -11.94861
            ],
            [
              -76.99167,
              -11.94862
            ],
            [
              -76.99166,
              -11.94863
            ],
            [
              -76.99165,
              -11.94863
            ],
            [
              -76.99163,
              -11.94865
            ],
            [
              -76.99162,
              -11.94866
            ],
            [
              -76.99161,
              -11.94867
            ],
            [
              -76.99158,
              -11.94868
            ],
            [
              -76.99157,
              -11.9487
            ],
            [
              -76.99156,
              -11.9487
            ],
            [
              -76.99155,
              -11.94871
            ],
            [
              -76.99154,
              -11.94872
            ],
            [
              -76.99152,
              -11.94873
            ],
            [
              -76.99152,
              -11.94873
            ],
            [
              -76.9915,
              -11.94874
            ],
            [
              -76.9915,
              -11.94875
            ],
            [
              -76.99149,
              -11.94875
            ],
            [
              -76.99148,
              -11.94875
            ],
            [
              -76.99148,
              -11.94876
            ],
            [
              -76.99147,
              -11.94876
            ],
            [
              -76.99146,
              -11.94877
            ],
            [
              -76.99145,
              -11.94877
            ],
            [
              -76.99144,
              -11.94878
            ],
            [
              -76.99144,
              -11.94878
            ],
            [
              -76.99143,
              -11.94878
            ],
            [
              -76.99142,
              -11.94879
            ],
            [
              -76.99141,
              -11.94879
            ],
            [
              -76.9914,
              -11.9488
            ],
            [
              -76.99139,
              -11.94881
            ],
            [
              -76.99138,
              -11.94881
            ],
            [
              -76.99137,
              -11.94882
            ],
            [
              -76.99137,
              -11.94882
            ],
            [
              -76.99135,
              -11.94883
            ],
            [
              -76.99134,
              -11.94884
            ],
            [
              -76.99132,
              -11.94885
            ],
            [
              -76.9913,
              -11.94886
            ],
            [
              -76.99128,
              -11.94887
            ],
            [
              -76.99127,
              -11.94889
            ],
            [
              -76.99125,
              -11.9489
            ],
            [
              -76.99122,
              -11.94892
            ],
            [
              -76.99121,
              -11.94892
            ],
            [
              -76.99121,
              -11.94893
            ],
            [
              -76.99119,
              -11.94893
            ],
            [
              -76.99116,
              -11.94895
            ],
            [
              -76.99114,
              -11.94896
            ],
            [
              -76.99109,
              -11.94898
            ],
            [
              -76.99106,
              -11.949
            ],
            [
              -76.99103,
              -11.94901
            ],
            [
              -76.991,
              -11.94902
            ],
            [
              -76.99097,
              -11.94904
            ],
            [
              -76.99094,
              -11.94905
            ],
            [
              -76.99091,
              -11.94907
            ],
            [
              -76.99088,
              -11.94908
            ],
            [
              -76.99086,
              -11.94909
            ],
            [
              -76.99084,
              -11.9491
            ],
            [
              -76.99082,
              -11.94912
            ],
            [
              -76.99081,
              -11.94912
            ],
            [
              -76.99075,
              -11.94916
            ],
            [
              -76.99069,
              -11.94919
            ],
            [
              -76.99063,
              -11.94922
            ],
            [
              -76.99055,
              -11.94928
            ],
            [
              -76.99053,
              -11.94932
            ],
            [
              -76.99049,
              -11.94937
            ],
            [
              -76.99042,
              -11.94946
            ],
            [
              -76.9904,
              -11.94951
            ],
            [
              -76.99038,
              -11.94955
            ],
            [
              -76.99038,
              -11.94956
            ],
            [
              -76.99038,
              -11.94956
            ],
            [
              -76.99037,
              -11.94957
            ],
            [
              -76.99035,
              -11.94962
            ],
            [
              -76.99033,
              -11.94963
            ],
            [
              -76.99029,
              -11.94965
            ],
            [
              -76.99025,
              -11.94966
            ],
            [
              -76.9902,
              -11.94967
            ],
            [
              -76.99017,
              -11.94968
            ],
            [
              -76.99011,
              -11.9497
            ],
            [
              -76.99007,
              -11.94972
            ],
            [
              -76.99003,
              -11.94974
            ],
            [
              -76.98998,
              -11.94977
            ],
            [
              -76.98994,
              -11.9498
            ],
            [
              -76.98987,
              -11.94985
            ],
            [
              -76.9898,
              -11.94989
            ],
            [
              -76.98972,
              -11.94993
            ],
            [
              -76.98964,
              -11.94997
            ],
            [
              -76.98956,
              -11.94999
            ],
            [
              -76.98951,
              -11.95003
            ],
            [
              -76.98945,
              -11.95007
            ],
            [
              -76.9894,
              -11.95008
            ],
            [
              -76.98934,
              -11.9501
            ],
            [
              -76.98926,
              -11.95012
            ],
            [
              -76.98922,
              -11.95014
            ],
            [
              -76.98919,
              -11.95015
            ],
            [
              -76.98913,
              -11.95016
            ],
            [
              -76.98911,
              -11.95015
            ],
            [
              -76.98907,
              -11.95014
            ],
            [
              -76.98904,
              -11.95013
            ],
            [
              -76.989,
              -11.95012
            ],
            [
              -76.98897,
              -11.95011
            ],
            [
              -76.98894,
              -11.95008
            ],
            [
              -76.98892,
              -11.95007
            ],
            [
              -76.98892,
              -11.95006
            ],
            [
              -76.98887,
              -11.95002
            ],
            [
              -76.98887,
              -11.95002
            ],
            [
              -76.98885,
              -11.94999
            ],
            [
              -76.98882,
              -11.94995
            ],
            [
              -76.98878,
              -11.94993
            ],
            [
              -76.98872,
              -11.94989
            ],
            [
              -76.98863,
              -11.94987
            ],
            [
              -76.98854,
              -11.94987
            ],
            [
              -76.98843,
              -11.9499
            ],
            [
              -76.98836,
              -11.94994
            ],
            [
              -76.98834,
              -11.94998
            ],
            [
              -76.98833,
              -11.95001
            ],
            [
              -76.98831,
              -11.95004
            ],
            [
              -76.9883,
              -11.95013
            ],
            [
              -76.98829,
              -11.95024
            ],
            [
              -76.98831,
              -11.95032
            ],
            [
              -76.98826,
              -11.95039
            ],
            [
              -76.98822,
              -11.95042
            ],
            [
              -76.98816,
              -11.95045
            ],
            [
              -76.98814,
              -11.95046
            ],
            [
              -76.98812,
              -11.95049
            ],
            [
              -76.98809,
              -11.9505
            ],
            [
              -76.98802,
              -11.95056
            ],
            [
              -76.98797,
              -11.95059
            ],
            [
              -76.98796,
              -11.9506
            ],
            [
              -76.98788,
              -11.95069
            ],
            [
              -76.98787,
              -11.9507
            ],
            [
              -76.98779,
              -11.95075
            ],
            [
              -76.9877,
              -11.9508
            ],
            [
              -76.9876,
              -11.95085
            ],
            [
              -76.98759,
              -11.95086
            ],
            [
              -76.98751,
              -11.95089
            ],
            [
              -76.98744,
              -11.95092
            ],
            [
              -76.98738,
              -11.95094
            ],
            [
              -76.9873,
              -11.95098
            ],
            [
              -76.98729,
              -11.95096
            ],
            [
              -76.98722,
              -11.95085
            ],
            [
              -76.98702,
              -11.95058
            ],
            [
              -76.98693,
              -11.95045
            ],
            [
              -76.98682,
              -11.95028
            ],
            [
              -76.98599,
              -11.94908
            ],
            [
              -76.9856,
              -11.94853
            ],
            [
              -76.98531,
              -11.94809
            ],
            [
              -76.98502,
              -11.94766
            ],
            [
              -76.98475,
              -11.94726
            ],
            [
              -76.98457,
              -11.947
            ],
            [
              -76.98435,
              -11.94668
            ],
            [
              -76.98412,
              -11.94635
            ],
            [
              -76.98379,
              -11.94588
            ],
            [
              -76.98352,
              -11.94549
            ],
            [
              -76.98336,
              -11.94526
            ],
            [
              -76.98318,
              -11.945
            ],
            [
              -76.98301,
              -11.94476
            ],
            [
              -76.98287,
              -11.94455
            ],
            [
              -76.98281,
              -11.94448
            ],
            [
              -76.98276,
              -11.94441
            ],
            [
              -76.98264,
              -11.94422
            ],
            [
              -76.98257,
              -11.94411
            ],
            [
              -76.98254,
              -11.94406
            ],
            [
              -76.98249,
              -11.94399
            ],
            [
              -76.98239,
              -11.94384
            ],
            [
              -76.98228,
              -11.9437
            ],
            [
              -76.98216,
              -11.94354
            ],
            [
              -76.98214,
              -11.9435
            ],
            [
              -76.98207,
              -11.94339
            ],
            [
              -76.98193,
              -11.94319
            ],
            [
              -76.98172,
              -11.94289
            ],
            [
              -76.98147,
              -11.94253
            ],
            [
              -76.98123,
              -11.94218
            ],
            [
              -76.98096,
              -11.94179
            ],
            [
              -76.98075,
              -11.9415
            ],
            [
              -76.98055,
              -11.94121
            ],
            [
              -76.9803,
              -11.94087
            ],
            [
              -76.98014,
              -11.94063
            ],
            [
              -76.98005,
              -11.94051
            ],
            [
              -76.97998,
              -11.94041
            ],
            [
              -76.97989,
              -11.94028
            ],
            [
              -76.97982,
              -11.94018
            ],
            [
              -76.97975,
              -11.94008
            ],
            [
              -76.97972,
              -11.94005
            ],
            [
              -76.9797,
              -11.94003
            ],
            [
              -76.97962,
              -11.93995
            ],
            [
              -76.97951,
              -11.93985
            ],
            [
              -76.97935,
              -11.93972
            ],
            [
              -76.97888,
              -11.93948
            ],
            [
              -76.97839,
              -11.93933
            ],
            [
              -76.97771,
              -11.93914
            ],
            [
              -76.97691,
              -11.93891
            ],
            [
              -76.97627,
              -11.93873
            ],
            [
              -76.97566,
              -11.93855
            ],
            [
              -76.9752,
              -11.93841
            ],
            [
              -76.97503,
              -11.93837
            ],
            [
              -76.97497,
              -11.93836
            ],
            [
              -76.97483,
              -11.93833
            ],
            [
              -76.97477,
              -11.93833
            ],
            [
              -76.9747,
              -11.93832
            ],
            [
              -76.97455,
              -11.93835
            ],
            [
              -76.97439,
              -11.93838
            ],
            [
              -76.97408,
              -11.9385
            ],
            [
              -76.97347,
              -11.9387
            ],
            [
              -76.97314,
              -11.93881
            ],
            [
              -76.973,
              -11.93882
            ],
            [
              -76.97283,
              -11.93877
            ],
            [
              -76.97273,
              -11.93871
            ],
            [
              -76.97258,
              -11.93853
            ],
            [
              -76.97108,
              -11.93637
            ],
            [
              -76.97004,
              -11.93488
            ],
            [
              -76.96889,
              -11.93319
            ],
            [
              -76.96831,
              -11.9323
            ],
            [
              -76.96857,
              -11.93214
            ],
            [
              -76.96899,
              -11.93187
            ],
            [
              -76.96915,
              -11.93177
            ],
            [
              -76.9693,
              -11.93168
            ],
            [
              -76.96942,
              -11.93161
            ],
            [
              -76.96958,
              -11.9315
            ],
            [
              -76.9697,
              -11.93142
            ],
            [
              -76.96983,
              -11.93135
            ],
            [
              -76.97001,
              -11.93123
            ],
            [
              -76.97025,
              -11.93108
            ],
            [
              -76.9704,
              -11.93098
            ],
            [
              -76.97052,
              -11.93088
            ],
            [
              -76.97076,
              -11.93067
            ],
            [
              -76.97096,
              -11.9305
            ],
            [
              -76.9712,
              -11.93028
            ],
            [
              -76.97144,
              -11.93007
            ],
            [
              -76.9716,
              -11.92993
            ],
            [
              -76.97181,
              -11.92975
            ],
            [
              -76.9721,
              -11.9295
            ],
            [
              -76.97227,
              -11.92935
            ],
            [
              -76.9728,
              -11.92889
            ],
            [
              -76.97294,
              -11.92883
            ],
            [
              -76.97327,
              -11.92871
            ],
            [
              -76.97361,
              -11.92858
            ],
            [
              -76.97394,
              -11.92846
            ],
            [
              -76.97432,
              -11.92832
            ],
            [
              -76.97492,
              -11.9281
            ],
            [
              -76.97534,
              -11.92794
            ],
            [
              -76.97575,
              -11.92779
            ],
            [
              -76.97603,
              -11.92769
            ],
            [
              -76.97658,
              -11.92748
            ],
            [
              -76.9769,
              -11.92752
            ],
            [
              -76.97747,
              -11.9276
            ],
            [
              -76.97789,
              -11.92765
            ],
            [
              -76.97838,
              -11.92772
            ],
            [
              -76.97881,
              -11.92777
            ],
            [
              -76.97925,
              -11.92783
            ],
            [
              -76.97981,
              -11.92791
            ],
            [
              -76.98006,
              -11.9279
            ],
            [
              -76.9807,
              -11.92788
            ],
            [
              -76.98122,
              -11.92786
            ],
            [
              -76.98172,
              -11.92785
            ],
            [
              -76.98215,
              -11.92784
            ],
            [
              -76.98234,
              -11.9283
            ],
            [
              -76.98253,
              -11.92874
            ],
            [
              -76.98269,
              -11.92913
            ],
            [
              -76.98282,
              -11.92943
            ],
            [
              -76.98293,
              -11.9294
            ],
            [
              -76.98327,
              -11.92928
            ],
            [
              -76.98381,
              -11.92911
            ],
            [
              -76.98426,
              -11.92896
            ],
            [
              -76.98453,
              -11.92887
            ],
            [
              -76.98463,
              -11.92873
            ],
            [
              -76.98496,
              -11.92829
            ],
            [
              -76.98536,
              -11.92773
            ],
            [
              -76.98566,
              -11.92732
            ],
            [
              -76.98535,
              -11.92688
            ],
            [
              -76.98498,
              -11.92632
            ],
            [
              -76.98472,
              -11.92595
            ],
            [
              -76.98525,
              -11.92524
            ],
            [
              -76.98529,
              -11.92519
            ],
            [
              -76.98533,
              -11.92514
            ],
            [
              -76.98536,
              -11.92509
            ],
            [
              -76.98538,
              -11.92501
            ],
            [
              -76.98539,
              -11.92494
            ],
            [
              -76.9854,
              -11.92487
            ],
            [
              -76.9854,
              -11.92481
            ],
            [
              -76.98542,
              -11.92474
            ],
            [
              -76.98543,
              -11.92461
            ],
            [
              -76.98545,
              -11.92449
            ],
            [
              -76.98546,
              -11.9244
            ],
            [
              -76.98547,
              -11.92431
            ],
            [
              -76.98548,
              -11.92425
            ],
            [
              -76.98549,
              -11.92419
            ],
            [
              -76.9855,
              -11.92416
            ],
            [
              -76.9855,
              -11.9241
            ],
            [
              -76.98551,
              -11.92403
            ],
            [
              -76.98553,
              -11.92389
            ],
            [
              -76.98554,
              -11.92382
            ],
            [
              -76.98555,
              -11.92376
            ],
            [
              -76.98557,
              -11.92366
            ],
            [
              -76.98559,
              -11.92353
            ],
            [
              -76.98559,
              -11.92348
            ],
            [
              -76.98561,
              -11.92337
            ],
            [
              -76.98563,
              -11.92323
            ],
            [
              -76.98564,
              -11.92311
            ],
            [
              -76.98566,
              -11.92302
            ],
            [
              -76.98567,
              -11.92295
            ],
            [
              -76.98568,
              -11.92288
            ],
            [
              -76.98569,
              -11.9228
            ],
            [
              -76.9857,
              -11.92274
            ],
            [
              -76.98571,
              -11.92263
            ],
            [
              -76.98572,
              -11.92255
            ],
            [
              -76.98573,
              -11.92248
            ],
            [
              -76.98574,
              -11.92243
            ],
            [
              -76.98574,
              -11.92239
            ],
            [
              -76.98575,
              -11.92236
            ],
            [
              -76.98576,
              -11.92231
            ],
            [
              -76.98576,
              -11.92228
            ],
            [
              -76.98577,
              -11.92223
            ],
            [
              -76.98577,
              -11.92219
            ],
            [
              -76.98578,
              -11.92216
            ],
            [
              -76.98578,
              -11.92213
            ],
            [
              -76.98579,
              -11.9221
            ],
            [
              -76.98579,
              -11.92207
            ],
            [
              -76.9858,
              -11.922
            ],
            [
              -76.98581,
              -11.92195
            ],
            [
              -76.98581,
              -11.92192
            ],
            [
              -76.98582,
              -11.92187
            ],
            [
              -76.98582,
              -11.92183
            ],
            [
              -76.98583,
              -11.92179
            ],
            [
              -76.98584,
              -11.92174
            ],
            [
              -76.98584,
              -11.92168
            ],
            [
              -76.98585,
              -11.92163
            ],
            [
              -76.98586,
              -11.92157
            ],
            [
              -76.9859,
              -11.92155
            ],
            [
              -76.98597,
              -11.92153
            ],
            [
              -76.98606,
              -11.9215
            ],
            [
              -76.98611,
              -11.92148
            ],
            [
              -76.98614,
              -11.92147
            ],
            [
              -76.98617,
              -11.92146
            ],
            [
              -76.98621,
              -11.92144
            ],
            [
              -76.98625,
              -11.92143
            ],
            [
              -76.98631,
              -11.92141
            ],
            [
              -76.98639,
              -11.92138
            ],
            [
              -76.98644,
              -11.92136
            ],
            [
              -76.98652,
              -11.92134
            ],
            [
              -76.98657,
              -11.92132
            ],
            [
              -76.98663,
              -11.9213
            ],
            [
              -76.98669,
              -11.92128
            ],
            [
              -76.98675,
              -11.92125
            ],
            [
              -76.98679,
              -11.92124
            ],
            [
              -76.98685,
              -11.92122
            ],
            [
              -76.98693,
              -11.92119
            ],
            [
              -76.987,
              -11.92116
            ],
            [
              -76.98709,
              -11.92113
            ],
            [
              -76.98714,
              -11.92112
            ],
            [
              -76.98719,
              -11.9211
            ],
            [
              -76.9873,
              -11.92106
            ],
            [
              -76.98737,
              -11.92103
            ],
            [
              -76.98745,
              -11.92101
            ],
            [
              -76.98754,
              -11.92097
            ],
            [
              -76.98762,
              -11.92094
            ],
            [
              -76.98772,
              -11.92091
            ],
            [
              -76.9878,
              -11.92088
            ],
            [
              -76.9878,
              -11.92088
            ],
            [
              -76.98781,
              -11.92088
            ],
            [
              -76.98784,
              -11.92087
            ],
            [
              -76.98788,
              -11.92085
            ],
            [
              -76.98796,
              -11.92082
            ],
            [
              -76.98799,
              -11.92081
            ],
            [
              -76.98804,
              -11.9208
            ],
            [
              -76.98812,
              -11.92077
            ],
            [
              -76.98819,
              -11.92074
            ],
            [
              -76.98827,
              -11.92071
            ],
            [
              -76.98835,
              -11.92069
            ],
            [
              -76.98847,
              -11.92064
            ],
            [
              -76.9886,
              -11.9206
            ],
            [
              -76.98876,
              -11.92054
            ],
            [
              -76.98898,
              -11.92046
            ],
            [
              -76.98901,
              -11.92044
            ],
            [
              -76.98932,
              -11.92019
            ],
            [
              -76.98949,
              -11.92006
            ],
            [
              -76.98962,
              -11.91995
            ],
            [
              -76.99143,
              -11.91852
            ],
            [
              -76.99149,
              -11.91847
            ],
            [
              -76.99237,
              -11.91689
            ],
            [
              -76.99276,
              -11.91686
            ],
            [
              -76.99568,
              -11.91733
            ],
            [
              -76.9974,
              -11.91893
            ],
            [
              -76.99819,
              -11.91964
            ],
            [
              -76.99926,
              -11.92104
            ],
            [
              -76.99956,
              -11.92358
            ],
            [
              -77.00002,
              -11.9245
            ],
            [
              -77.00078,
              -11.92487
            ],
            [
              -77.00116,
              -11.92502
            ],
            [
              -77.00298,
              -11.92567
            ],
            [
              -77.00325,
              -11.92733
            ],
            [
              -77.00353,
              -11.92759
            ],
            [
              -77.00416,
              -11.92795
            ],
            [
              -77.00504,
              -11.92814
            ],
            [
              -77.00526,
              -11.92836
            ],
            [
              -77.00538,
              -11.92881
            ],
            [
              -77.00537,
              -11.92966
            ],
            [
              -77.00554,
              -11.93004
            ],
            [
              -77.00572,
              -11.93022
            ],
            [
              -77.00603,
              -11.93054
            ],
            [
              -77.00644,
              -11.93094
            ],
            [
              -77.00668,
              -11.93119
            ],
            [
              -77.00706,
              -11.93146
            ],
            [
              -77.0076,
              -11.93183
            ],
            [
              -77.00772,
              -11.93187
            ],
            [
              -77.00838,
              -11.93207
            ],
            [
              -77.00917,
              -11.9324
            ],
            [
              -77.00987,
              -11.93271
            ],
            [
              -77.0102,
              -11.93302
            ],
            [
              -77.01066,
              -11.93348
            ],
            [
              -77.01105,
              -11.93358
            ],
            [
              -77.01152,
              -11.93393
            ],
            [
              -77.01161,
              -11.93403
            ],
            [
              -77.01216,
              -11.93461
            ],
            [
              -77.01281,
              -11.9351
            ],
            [
              -77.01345,
              -11.93539
            ],
            [
              -77.01422,
              -11.93572
            ],
            [
              -77.01482,
              -11.93596
            ],
            [
              -77.01531,
              -11.93659
            ],
            [
              -77.01716,
              -11.93728
            ],
            [
              -77.01713,
              -11.93799
            ],
            [
              -77.01643,
              -11.93908
            ],
            [
              -77.01575,
              -11.94012
            ],
            [
              -77.01536,
              -11.94117
            ],
            [
              -77.01543,
              -11.94169
            ],
            [
              -77.01628,
              -11.94226
            ],
            [
              -77.01648,
              -11.9427
            ],
            [
              -77.0162,
              -11.94267
            ],
            [
              -77.0162,
              -11.94267
            ]
          ]
        ]
      }
    },
    {
      "type": "Feature",
      "properties": {
        "id": "7f42673a-da87-472c-9a46-03e1c038e4bf",
        "name": "Bayovar",
        "description": "Bayóvar es una zona urbana ubicada en el distrito de San Juan de Lurigancho, Lima, destacada por su conectividad gracias a la estación Bayóvar de la Línea 1 del Metro de Lima, inaugurada el 3 de enero de 2012.",
        "color": "#088306",
        "createdAt": "2025-06-11T17:13:24.225Z",
        "updatedAt": "2025-06-11T17:13:24.225Z",
        "zoneId": null,
        "userId": "c0b1d5b9-11c6-4150-9342-46d3142eab82"
      },
      "geometry": {
        "type": "Polygon",
        "coordinates": [
          [
            [
              -76.98688,
              -11.95882
            ],
            [
              -76.98687,
              -11.9588
            ],
            [
              -76.98686,
              -11.95879
            ],
            [
              -76.98684,
              -11.95876
            ],
            [
              -76.98677,
              -11.95867
            ],
            [
              -76.98672,
              -11.95859
            ],
            [
              -76.9867,
              -11.95857
            ],
            [
              -76.98667,
              -11.95852
            ],
            [
              -76.98665,
              -11.9585
            ],
            [
              -76.98664,
              -11.95848
            ],
            [
              -76.98659,
              -11.95841
            ],
            [
              -76.98657,
              -11.95838
            ],
            [
              -76.98655,
              -11.95834
            ],
            [
              -76.9865,
              -11.95827
            ],
            [
              -76.98646,
              -11.9582
            ],
            [
              -76.98643,
              -11.95816
            ],
            [
              -76.9864,
              -11.95811
            ],
            [
              -76.98639,
              -11.9581
            ],
            [
              -76.98638,
              -11.95808
            ],
            [
              -76.98632,
              -11.958
            ],
            [
              -76.9863,
              -11.95796
            ],
            [
              -76.98629,
              -11.95795
            ],
            [
              -76.98624,
              -11.95788
            ],
            [
              -76.98618,
              -11.95779
            ],
            [
              -76.98614,
              -11.95774
            ],
            [
              -76.98609,
              -11.95767
            ],
            [
              -76.98601,
              -11.95756
            ],
            [
              -76.98596,
              -11.95749
            ],
            [
              -76.98591,
              -11.95742
            ],
            [
              -76.98585,
              -11.95734
            ],
            [
              -76.9858,
              -11.95727
            ],
            [
              -76.98572,
              -11.95714
            ],
            [
              -76.98553,
              -11.95686
            ],
            [
              -76.9855,
              -11.95679
            ],
            [
              -76.98547,
              -11.9567
            ],
            [
              -76.98546,
              -11.95651
            ],
            [
              -76.98546,
              -11.95647
            ],
            [
              -76.98547,
              -11.95641
            ],
            [
              -76.98548,
              -11.95637
            ],
            [
              -76.98555,
              -11.95618
            ],
            [
              -76.98565,
              -11.95596
            ],
            [
              -76.98578,
              -11.95566
            ],
            [
              -76.98594,
              -11.95535
            ],
            [
              -76.98611,
              -11.95502
            ],
            [
              -76.98615,
              -11.95494
            ],
            [
              -76.98628,
              -11.95467
            ],
            [
              -76.98632,
              -11.95459
            ],
            [
              -76.98635,
              -11.95453
            ],
            [
              -76.98637,
              -11.95448
            ],
            [
              -76.98638,
              -11.95445
            ],
            [
              -76.9864,
              -11.95442
            ],
            [
              -76.98641,
              -11.95439
            ],
            [
              -76.98642,
              -11.95437
            ],
            [
              -76.98644,
              -11.95433
            ],
            [
              -76.98647,
              -11.95427
            ],
            [
              -76.9865,
              -11.95421
            ],
            [
              -76.98653,
              -11.95415
            ],
            [
              -76.98657,
              -11.95408
            ],
            [
              -76.9866,
              -11.95401
            ],
            [
              -76.98663,
              -11.95394
            ],
            [
              -76.98668,
              -11.95386
            ],
            [
              -76.98672,
              -11.95378
            ],
            [
              -76.98676,
              -11.95369
            ],
            [
              -76.98681,
              -11.95358
            ],
            [
              -76.98685,
              -11.9535
            ],
            [
              -76.9869,
              -11.9534
            ],
            [
              -76.98696,
              -11.95327
            ],
            [
              -76.98702,
              -11.95315
            ],
            [
              -76.98705,
              -11.95308
            ],
            [
              -76.98708,
              -11.95302
            ],
            [
              -76.9871,
              -11.95297
            ],
            [
              -76.98713,
              -11.95292
            ],
            [
              -76.98717,
              -11.95284
            ],
            [
              -76.98719,
              -11.9528
            ],
            [
              -76.98719,
              -11.95279
            ],
            [
              -76.98722,
              -11.95274
            ],
            [
              -76.98726,
              -11.95266
            ],
            [
              -76.9873,
              -11.95259
            ],
            [
              -76.98732,
              -11.95254
            ],
            [
              -76.98735,
              -11.95249
            ],
            [
              -76.98737,
              -11.95244
            ],
            [
              -76.9874,
              -11.9524
            ],
            [
              -76.9874,
              -11.95239
            ],
            [
              -76.98743,
              -11.95232
            ],
            [
              -76.98744,
              -11.95231
            ],
            [
              -76.98746,
              -11.95228
            ],
            [
              -76.98746,
              -11.95227
            ],
            [
              -76.98749,
              -11.95221
            ],
            [
              -76.98753,
              -11.95213
            ],
            [
              -76.98755,
              -11.95207
            ],
            [
              -76.98756,
              -11.95205
            ],
            [
              -76.98756,
              -11.95202
            ],
            [
              -76.98757,
              -11.952
            ],
            [
              -76.98757,
              -11.95196
            ],
            [
              -76.98758,
              -11.95189
            ],
            [
              -76.98759,
              -11.95183
            ],
            [
              -76.9876,
              -11.95177
            ],
            [
              -76.98759,
              -11.95175
            ],
            [
              -76.98759,
              -11.95169
            ],
            [
              -76.98759,
              -11.95162
            ],
            [
              -76.98758,
              -11.95161
            ],
            [
              -76.98757,
              -11.95151
            ],
            [
              -76.98757,
              -11.95149
            ],
            [
              -76.98753,
              -11.95138
            ],
            [
              -76.9875,
              -11.95129
            ],
            [
              -76.98744,
              -11.9512
            ],
            [
              -76.98738,
              -11.9511
            ],
            [
              -76.98734,
              -11.95104
            ],
            [
              -76.9873,
              -11.95098
            ],
            [
              -76.98742,
              -11.95093
            ],
            [
              -76.98752,
              -11.95089
            ],
            [
              -76.98761,
              -11.95085
            ],
            [
              -76.98768,
              -11.95081
            ],
            [
              -76.98779,
              -11.95074
            ],
            [
              -76.98788,
              -11.95069
            ],
            [
              -76.98796,
              -11.9506
            ],
            [
              -76.98803,
              -11.95055
            ],
            [
              -76.98812,
              -11.95049
            ],
            [
              -76.98816,
              -11.95045
            ],
            [
              -76.98827,
              -11.95039
            ],
            [
              -76.98831,
              -11.95032
            ],
            [
              -76.98829,
              -11.95023
            ],
            [
              -76.9883,
              -11.95018
            ],
            [
              -76.9883,
              -11.95013
            ],
            [
              -76.98831,
              -11.95004
            ],
            [
              -76.98837,
              -11.94994
            ],
            [
              -76.98843,
              -11.9499
            ],
            [
              -76.98854,
              -11.94987
            ],
            [
              -76.98864,
              -11.94987
            ],
            [
              -76.98872,
              -11.94989
            ],
            [
              -76.98878,
              -11.94993
            ],
            [
              -76.98882,
              -11.94995
            ],
            [
              -76.98887,
              -11.95002
            ],
            [
              -76.98897,
              -11.95011
            ],
            [
              -76.98904,
              -11.95014
            ],
            [
              -76.98913,
              -11.95016
            ],
            [
              -76.98928,
              -11.95012
            ],
            [
              -76.98945,
              -11.95007
            ],
            [
              -76.98956,
              -11.94999
            ],
            [
              -76.98965,
              -11.94997
            ],
            [
              -76.98972,
              -11.94993
            ],
            [
              -76.9898,
              -11.94989
            ],
            [
              -76.98987,
              -11.94985
            ],
            [
              -76.98996,
              -11.94978
            ],
            [
              -76.98998,
              -11.94977
            ],
            [
              -76.99,
              -11.94976
            ],
            [
              -76.99007,
              -11.94972
            ],
            [
              -76.99011,
              -11.9497
            ],
            [
              -76.99015,
              -11.94968
            ],
            [
              -76.99021,
              -11.94967
            ],
            [
              -76.99029,
              -11.94965
            ],
            [
              -76.99035,
              -11.94962
            ],
            [
              -76.99036,
              -11.9496
            ],
            [
              -76.99037,
              -11.94958
            ],
            [
              -76.99038,
              -11.94956
            ],
            [
              -76.99042,
              -11.94946
            ],
            [
              -76.9905,
              -11.94936
            ],
            [
              -76.99055,
              -11.94928
            ],
            [
              -76.99063,
              -11.94922
            ],
            [
              -76.99064,
              -11.94921
            ],
            [
              -76.99075,
              -11.94916
            ],
            [
              -76.99082,
              -11.94912
            ],
            [
              -76.99084,
              -11.9491
            ],
            [
              -76.99085,
              -11.9491
            ],
            [
              -76.99093,
              -11.94906
            ],
            [
              -76.99102,
              -11.94901
            ],
            [
              -76.99121,
              -11.94892
            ],
            [
              -76.9913,
              -11.94887
            ],
            [
              -76.99137,
              -11.94882
            ],
            [
              -76.9915,
              -11.94874
            ],
            [
              -76.99177,
              -11.94855
            ],
            [
              -76.99188,
              -11.9485
            ],
            [
              -76.99195,
              -11.94843
            ],
            [
              -76.99209,
              -11.94832
            ],
            [
              -76.99216,
              -11.94829
            ],
            [
              -76.9922,
              -11.9483
            ],
            [
              -76.99231,
              -11.94829
            ],
            [
              -76.99234,
              -11.94827
            ],
            [
              -76.99239,
              -11.94823
            ],
            [
              -76.99245,
              -11.94818
            ],
            [
              -76.99251,
              -11.94816
            ],
            [
              -76.99267,
              -11.94822
            ],
            [
              -76.99271,
              -11.94821
            ],
            [
              -76.99273,
              -11.9482
            ],
            [
              -76.9928,
              -11.94819
            ],
            [
              -76.99289,
              -11.94813
            ],
            [
              -76.993,
              -11.94808
            ],
            [
              -76.99306,
              -11.94803
            ],
            [
              -76.99313,
              -11.94797
            ],
            [
              -76.99314,
              -11.94796
            ],
            [
              -76.99315,
              -11.94796
            ],
            [
              -76.99316,
              -11.94796
            ],
            [
              -76.99331,
              -11.9479
            ],
            [
              -76.99334,
              -11.94788
            ],
            [
              -76.99348,
              -11.94781
            ],
            [
              -76.99352,
              -11.94777
            ],
            [
              -76.9936,
              -11.9477
            ],
            [
              -76.99366,
              -11.94764
            ],
            [
              -76.99375,
              -11.94758
            ],
            [
              -76.99381,
              -11.94752
            ],
            [
              -76.99383,
              -11.94741
            ],
            [
              -76.99391,
              -11.94735
            ],
            [
              -76.99401,
              -11.94731
            ],
            [
              -76.99411,
              -11.94727
            ],
            [
              -76.99417,
              -11.9472
            ],
            [
              -76.99427,
              -11.94709
            ],
            [
              -76.99436,
              -11.94699
            ],
            [
              -76.99443,
              -11.94696
            ],
            [
              -76.99448,
              -11.94693
            ],
            [
              -76.99454,
              -11.9469
            ],
            [
              -76.99461,
              -11.94687
            ],
            [
              -76.99467,
              -11.94683
            ],
            [
              -76.99481,
              -11.94674
            ],
            [
              -76.99491,
              -11.94667
            ],
            [
              -76.99498,
              -11.94656
            ],
            [
              -76.99507,
              -11.94646
            ],
            [
              -76.99515,
              -11.94639
            ],
            [
              -76.99525,
              -11.94628
            ],
            [
              -76.99526,
              -11.94628
            ],
            [
              -76.9954,
              -11.94627
            ],
            [
              -76.99549,
              -11.94627
            ],
            [
              -76.99557,
              -11.94626
            ],
            [
              -76.99558,
              -11.94626
            ],
            [
              -76.99575,
              -11.94624
            ],
            [
              -76.99596,
              -11.94622
            ],
            [
              -76.99609,
              -11.94618
            ],
            [
              -76.99614,
              -11.94617
            ],
            [
              -76.99624,
              -11.94614
            ],
            [
              -76.9964,
              -11.94601
            ],
            [
              -76.99653,
              -11.94587
            ],
            [
              -76.99675,
              -11.94585
            ],
            [
              -76.99694,
              -11.94588
            ],
            [
              -76.99696,
              -11.94589
            ],
            [
              -76.99714,
              -11.94591
            ],
            [
              -76.9974,
              -11.94581
            ],
            [
              -76.99779,
              -11.94561
            ],
            [
              -76.99811,
              -11.94562
            ],
            [
              -76.9983,
              -11.94566
            ],
            [
              -76.99851,
              -11.94574
            ],
            [
              -76.99856,
              -11.94574
            ],
            [
              -76.99875,
              -11.94578
            ],
            [
              -76.99894,
              -11.94577
            ],
            [
              -76.99911,
              -11.94575
            ],
            [
              -76.99928,
              -11.94571
            ],
            [
              -76.99946,
              -11.94566
            ],
            [
              -76.99959,
              -11.94561
            ],
            [
              -76.99978,
              -11.94558
            ],
            [
              -76.99995,
              -11.94549
            ],
            [
              -76.99999,
              -11.94549
            ],
            [
              -77.00005,
              -11.94548
            ],
            [
              -77.00012,
              -11.94547
            ],
            [
              -77.0002,
              -11.94546
            ],
            [
              -77.00036,
              -11.94543
            ],
            [
              -77.0005,
              -11.94543
            ],
            [
              -77.00069,
              -11.9455
            ],
            [
              -77.00083,
              -11.94544
            ],
            [
              -77.00112,
              -11.94535
            ],
            [
              -77.00129,
              -11.94534
            ],
            [
              -77.00149,
              -11.94531
            ],
            [
              -77.0016,
              -11.94531
            ],
            [
              -77.00181,
              -11.94533
            ],
            [
              -77.00181,
              -11.94533
            ],
            [
              -77.00181,
              -11.94533
            ],
            [
              -77.00178,
              -11.94545
            ],
            [
              -77.00173,
              -11.94555
            ],
            [
              -77.00164,
              -11.94572
            ],
            [
              -77.00165,
              -11.94579
            ],
            [
              -77.00165,
              -11.94597
            ],
            [
              -77.00167,
              -11.94605
            ],
            [
              -77.00168,
              -11.94614
            ],
            [
              -77.00167,
              -11.94621
            ],
            [
              -77.00167,
              -11.94626
            ],
            [
              -77.00167,
              -11.94627
            ],
            [
              -77.00165,
              -11.9464
            ],
            [
              -77.00164,
              -11.94646
            ],
            [
              -77.00161,
              -11.94654
            ],
            [
              -77.00154,
              -11.94674
            ],
            [
              -77.00148,
              -11.94682
            ],
            [
              -77.00147,
              -11.94684
            ],
            [
              -77.00145,
              -11.94689
            ],
            [
              -77.00144,
              -11.9469
            ],
            [
              -77.00142,
              -11.94699
            ],
            [
              -77.00142,
              -11.947
            ],
            [
              -77.00143,
              -11.94715
            ],
            [
              -77.00142,
              -11.94728
            ],
            [
              -77.0014,
              -11.94732
            ],
            [
              -77.00138,
              -11.94742
            ],
            [
              -77.00137,
              -11.94745
            ],
            [
              -77.00137,
              -11.94749
            ],
            [
              -77.00135,
              -11.94764
            ],
            [
              -77.00135,
              -11.9477
            ],
            [
              -77.00133,
              -11.94789
            ],
            [
              -77.00131,
              -11.94798
            ],
            [
              -77.00131,
              -11.94801
            ],
            [
              -77.00133,
              -11.94806
            ],
            [
              -77.00134,
              -11.94812
            ],
            [
              -77.00133,
              -11.94819
            ],
            [
              -77.00131,
              -11.94822
            ],
            [
              -77.00128,
              -11.94828
            ],
            [
              -77.00124,
              -11.94838
            ],
            [
              -77.00124,
              -11.94839
            ],
            [
              -77.00124,
              -11.94845
            ],
            [
              -77.00124,
              -11.94848
            ],
            [
              -77.00124,
              -11.9485
            ],
            [
              -77.00124,
              -11.94851
            ],
            [
              -77.00124,
              -11.94854
            ],
            [
              -77.00124,
              -11.94856
            ],
            [
              -77.00124,
              -11.94858
            ],
            [
              -77.00124,
              -11.94859
            ],
            [
              -77.00123,
              -11.94861
            ],
            [
              -77.0012,
              -11.94873
            ],
            [
              -77.00121,
              -11.94881
            ],
            [
              -77.00123,
              -11.94893
            ],
            [
              -77.00123,
              -11.94904
            ],
            [
              -77.00121,
              -11.94915
            ],
            [
              -77.0012,
              -11.94917
            ],
            [
              -77.00113,
              -11.94921
            ],
            [
              -77.00109,
              -11.94924
            ],
            [
              -77.00107,
              -11.94924
            ],
            [
              -77.00105,
              -11.94925
            ],
            [
              -77.00104,
              -11.94925
            ],
            [
              -77.00103,
              -11.94927
            ],
            [
              -77.00101,
              -11.94929
            ],
            [
              -77.00099,
              -11.94932
            ],
            [
              -77.00093,
              -11.94947
            ],
            [
              -77.00082,
              -11.94973
            ],
            [
              -77.00071,
              -11.94985
            ],
            [
              -77.0007,
              -11.94987
            ],
            [
              -77.00066,
              -11.94993
            ],
            [
              -77.00057,
              -11.95005
            ],
            [
              -77.00048,
              -11.95018
            ],
            [
              -77.00047,
              -11.9502
            ],
            [
              -77.0004,
              -11.95038
            ],
            [
              -77.00034,
              -11.95051
            ],
            [
              -77.00026,
              -11.95058
            ],
            [
              -77.0002,
              -11.95061
            ],
            [
              -76.99999,
              -11.95073
            ],
            [
              -76.99995,
              -11.95081
            ],
            [
              -76.9999,
              -11.95087
            ],
            [
              -76.99972,
              -11.95089
            ],
            [
              -76.99972,
              -11.9509
            ],
            [
              -76.99973,
              -11.95092
            ],
            [
              -76.99973,
              -11.95095
            ],
            [
              -76.99973,
              -11.95097
            ],
            [
              -76.99975,
              -11.95105
            ],
            [
              -76.99975,
              -11.95108
            ],
            [
              -76.99974,
              -11.95119
            ],
            [
              -76.99969,
              -11.95129
            ],
            [
              -76.99965,
              -11.95133
            ],
            [
              -76.99963,
              -11.95135
            ],
            [
              -76.99961,
              -11.95136
            ],
            [
              -76.99959,
              -11.95138
            ],
            [
              -76.99957,
              -11.9514
            ],
            [
              -76.99955,
              -11.95141
            ],
            [
              -76.99953,
              -11.95143
            ],
            [
              -76.99949,
              -11.95146
            ],
            [
              -76.99946,
              -11.95148
            ],
            [
              -76.99945,
              -11.95149
            ],
            [
              -76.99942,
              -11.95152
            ],
            [
              -76.9994,
              -11.95153
            ],
            [
              -76.99939,
              -11.95154
            ],
            [
              -76.99938,
              -11.95155
            ],
            [
              -76.99935,
              -11.95158
            ],
            [
              -76.99933,
              -11.95159
            ],
            [
              -76.99931,
              -11.95161
            ],
            [
              -76.99926,
              -11.95166
            ],
            [
              -76.99923,
              -11.95168
            ],
            [
              -76.9992,
              -11.95171
            ],
            [
              -76.99917,
              -11.95173
            ],
            [
              -76.99916,
              -11.95174
            ],
            [
              -76.99913,
              -11.95176
            ],
            [
              -76.9991,
              -11.95178
            ],
            [
              -76.99905,
              -11.95182
            ],
            [
              -76.99903,
              -11.95183
            ],
            [
              -76.999,
              -11.95186
            ],
            [
              -76.99898,
              -11.95187
            ],
            [
              -76.99897,
              -11.95188
            ],
            [
              -76.99897,
              -11.95188
            ],
            [
              -76.99897,
              -11.95189
            ],
            [
              -76.99896,
              -11.95191
            ],
            [
              -76.99893,
              -11.95198
            ],
            [
              -76.99892,
              -11.952
            ],
            [
              -76.99891,
              -11.95202
            ],
            [
              -76.99891,
              -11.95209
            ],
            [
              -76.9989,
              -11.95211
            ],
            [
              -76.99889,
              -11.95214
            ],
            [
              -76.99887,
              -11.95216
            ],
            [
              -76.99886,
              -11.95219
            ],
            [
              -76.99885,
              -11.95221
            ],
            [
              -76.99884,
              -11.95223
            ],
            [
              -76.99882,
              -11.95225
            ],
            [
              -76.99881,
              -11.95226
            ],
            [
              -76.9988,
              -11.95228
            ],
            [
              -76.9988,
              -11.95229
            ],
            [
              -76.99879,
              -11.95229
            ],
            [
              -76.99879,
              -11.9523
            ],
            [
              -76.99877,
              -11.95232
            ],
            [
              -76.99876,
              -11.95233
            ],
            [
              -76.99875,
              -11.95234
            ],
            [
              -76.99875,
              -11.95235
            ],
            [
              -76.99874,
              -11.95237
            ],
            [
              -76.99873,
              -11.95238
            ],
            [
              -76.99871,
              -11.95241
            ],
            [
              -76.99869,
              -11.95246
            ],
            [
              -76.99868,
              -11.95247
            ],
            [
              -76.99866,
              -11.95249
            ],
            [
              -76.9986,
              -11.95256
            ],
            [
              -76.99858,
              -11.95258
            ],
            [
              -76.99849,
              -11.95267
            ],
            [
              -76.99847,
              -11.95269
            ],
            [
              -76.99844,
              -11.95271
            ],
            [
              -76.99841,
              -11.95274
            ],
            [
              -76.99835,
              -11.95279
            ],
            [
              -76.99832,
              -11.95284
            ],
            [
              -76.99829,
              -11.95289
            ],
            [
              -76.99824,
              -11.95296
            ],
            [
              -76.99822,
              -11.953
            ],
            [
              -76.99821,
              -11.95301
            ],
            [
              -76.99819,
              -11.95303
            ],
            [
              -76.9981,
              -11.95312
            ],
            [
              -76.9981,
              -11.95315
            ],
            [
              -76.99808,
              -11.9532
            ],
            [
              -76.99809,
              -11.95323
            ],
            [
              -76.99809,
              -11.95325
            ],
            [
              -76.99809,
              -11.9533
            ],
            [
              -76.99811,
              -11.95331
            ],
            [
              -76.99812,
              -11.95332
            ],
            [
              -76.99813,
              -11.95333
            ],
            [
              -76.99815,
              -11.95334
            ],
            [
              -76.99821,
              -11.9534
            ],
            [
              -76.99822,
              -11.95341
            ],
            [
              -76.99824,
              -11.95342
            ],
            [
              -76.99826,
              -11.95344
            ],
            [
              -76.99828,
              -11.95345
            ],
            [
              -76.99829,
              -11.95346
            ],
            [
              -76.99832,
              -11.95347
            ],
            [
              -76.99835,
              -11.95348
            ],
            [
              -76.99836,
              -11.95349
            ],
            [
              -76.99838,
              -11.95351
            ],
            [
              -76.9984,
              -11.95354
            ],
            [
              -76.99842,
              -11.95355
            ],
            [
              -76.99848,
              -11.9536
            ],
            [
              -76.99852,
              -11.95363
            ],
            [
              -76.99856,
              -11.95365
            ],
            [
              -76.99863,
              -11.9537
            ],
            [
              -76.9987,
              -11.95374
            ],
            [
              -76.99873,
              -11.95376
            ],
            [
              -76.99878,
              -11.95379
            ],
            [
              -76.99879,
              -11.9538
            ],
            [
              -76.99883,
              -11.95382
            ],
            [
              -76.99883,
              -11.95383
            ],
            [
              -76.99883,
              -11.95384
            ],
            [
              -76.99886,
              -11.95391
            ],
            [
              -76.99887,
              -11.95393
            ],
            [
              -76.9989,
              -11.95402
            ],
            [
              -76.99891,
              -11.95407
            ],
            [
              -76.99893,
              -11.95417
            ],
            [
              -76.99895,
              -11.9542
            ],
            [
              -76.99897,
              -11.95424
            ],
            [
              -76.99899,
              -11.95425
            ],
            [
              -76.99902,
              -11.95427
            ],
            [
              -76.99906,
              -11.9543
            ],
            [
              -76.99908,
              -11.95431
            ],
            [
              -76.9991,
              -11.95432
            ],
            [
              -76.99915,
              -11.95435
            ],
            [
              -76.99915,
              -11.95435
            ],
            [
              -76.99923,
              -11.95437
            ],
            [
              -76.99927,
              -11.95438
            ],
            [
              -76.9993,
              -11.95439
            ],
            [
              -76.99935,
              -11.9544
            ],
            [
              -76.99941,
              -11.95441
            ],
            [
              -76.99949,
              -11.95442
            ],
            [
              -76.9995,
              -11.95442
            ],
            [
              -76.99957,
              -11.95443
            ],
            [
              -76.99963,
              -11.95444
            ],
            [
              -76.99969,
              -11.95444
            ],
            [
              -76.99971,
              -11.95445
            ],
            [
              -76.99981,
              -11.95447
            ],
            [
              -76.99985,
              -11.95448
            ],
            [
              -76.99988,
              -11.95448
            ],
            [
              -76.99992,
              -11.95449
            ],
            [
              -76.99995,
              -11.9545
            ],
            [
              -76.99998,
              -11.95451
            ],
            [
              -76.99998,
              -11.95454
            ],
            [
              -76.99998,
              -11.95456
            ],
            [
              -76.99998,
              -11.95464
            ],
            [
              -76.99998,
              -11.95469
            ],
            [
              -76.99997,
              -11.95474
            ],
            [
              -76.99996,
              -11.95479
            ],
            [
              -76.99996,
              -11.9548
            ],
            [
              -76.99996,
              -11.95485
            ],
            [
              -76.99995,
              -11.9549
            ],
            [
              -76.99994,
              -11.95495
            ],
            [
              -76.99993,
              -11.95503
            ],
            [
              -76.99993,
              -11.95505
            ],
            [
              -76.99992,
              -11.9551
            ],
            [
              -76.99992,
              -11.9551
            ],
            [
              -76.99994,
              -11.9551
            ],
            [
              -76.99997,
              -11.95512
            ],
            [
              -77,
              -11.95514
            ],
            [
              -77.00001,
              -11.95519
            ],
            [
              -77.00002,
              -11.9552
            ],
            [
              -77.00003,
              -11.95522
            ],
            [
              -77.00007,
              -11.95529
            ],
            [
              -77.00015,
              -11.95544
            ],
            [
              -77.00023,
              -11.95557
            ],
            [
              -77.00031,
              -11.95571
            ],
            [
              -77.00035,
              -11.95578
            ],
            [
              -77.00034,
              -11.9558
            ],
            [
              -77.00031,
              -11.95585
            ],
            [
              -77.00028,
              -11.95587
            ],
            [
              -77.00025,
              -11.95589
            ],
            [
              -77.00021,
              -11.95592
            ],
            [
              -77.00019,
              -11.95594
            ],
            [
              -77.00017,
              -11.95595
            ],
            [
              -77.00016,
              -11.95596
            ],
            [
              -77.00015,
              -11.95596
            ],
            [
              -77.00012,
              -11.95596
            ],
            [
              -77.0001,
              -11.95597
            ],
            [
              -77.00009,
              -11.95597
            ],
            [
              -77.00008,
              -11.95597
            ],
            [
              -77.00007,
              -11.95598
            ],
            [
              -77.00005,
              -11.956
            ],
            [
              -77.00005,
              -11.956
            ],
            [
              -77.00006,
              -11.95603
            ],
            [
              -77.00007,
              -11.95605
            ],
            [
              -77.00013,
              -11.95613
            ],
            [
              -77.00019,
              -11.95621
            ],
            [
              -77.00018,
              -11.95622
            ],
            [
              -77.00015,
              -11.95625
            ],
            [
              -77.00008,
              -11.95633
            ],
            [
              -77.00004,
              -11.95637
            ],
            [
              -77.00002,
              -11.9564
            ],
            [
              -76.99996,
              -11.95646
            ],
            [
              -76.99994,
              -11.95649
            ],
            [
              -76.99991,
              -11.95651
            ],
            [
              -76.99991,
              -11.95652
            ],
            [
              -76.9999,
              -11.95653
            ],
            [
              -76.99986,
              -11.95657
            ],
            [
              -76.99982,
              -11.95661
            ],
            [
              -76.99979,
              -11.95664
            ],
            [
              -76.99977,
              -11.95666
            ],
            [
              -76.99976,
              -11.95668
            ],
            [
              -76.99975,
              -11.95669
            ],
            [
              -76.99974,
              -11.9567
            ],
            [
              -76.99971,
              -11.95673
            ],
            [
              -76.9997,
              -11.95675
            ],
            [
              -76.99969,
              -11.95675
            ],
            [
              -76.99966,
              -11.95674
            ],
            [
              -76.99965,
              -11.95674
            ],
            [
              -76.99962,
              -11.95674
            ],
            [
              -76.99962,
              -11.95673
            ],
            [
              -76.99956,
              -11.95673
            ],
            [
              -76.99953,
              -11.95672
            ],
            [
              -76.99949,
              -11.95672
            ],
            [
              -76.99943,
              -11.95671
            ],
            [
              -76.99939,
              -11.95671
            ],
            [
              -76.99935,
              -11.9567
            ],
            [
              -76.99931,
              -11.9567
            ],
            [
              -76.99928,
              -11.9567
            ],
            [
              -76.99926,
              -11.95669
            ],
            [
              -76.99923,
              -11.95669
            ],
            [
              -76.9992,
              -11.95669
            ],
            [
              -76.99917,
              -11.95668
            ],
            [
              -76.99912,
              -11.95668
            ],
            [
              -76.99906,
              -11.95667
            ],
            [
              -76.99901,
              -11.95666
            ],
            [
              -76.99895,
              -11.95666
            ],
            [
              -76.9989,
              -11.95665
            ],
            [
              -76.99879,
              -11.95664
            ],
            [
              -76.99866,
              -11.95662
            ],
            [
              -76.99857,
              -11.95661
            ],
            [
              -76.9985,
              -11.9566
            ],
            [
              -76.9984,
              -11.95659
            ],
            [
              -76.99826,
              -11.95657
            ],
            [
              -76.99818,
              -11.95656
            ],
            [
              -76.99811,
              -11.95655
            ],
            [
              -76.99804,
              -11.95654
            ],
            [
              -76.99796,
              -11.95653
            ],
            [
              -76.99793,
              -11.95664
            ],
            [
              -76.99792,
              -11.95677
            ],
            [
              -76.99798,
              -11.95694
            ],
            [
              -76.99803,
              -11.95706
            ],
            [
              -76.9981,
              -11.95721
            ],
            [
              -76.99816,
              -11.95734
            ],
            [
              -76.99821,
              -11.95745
            ],
            [
              -76.99825,
              -11.95755
            ],
            [
              -76.99828,
              -11.95761
            ],
            [
              -76.9983,
              -11.95767
            ],
            [
              -76.99833,
              -11.95772
            ],
            [
              -76.99834,
              -11.95775
            ],
            [
              -76.9984,
              -11.95789
            ],
            [
              -76.99836,
              -11.95791
            ],
            [
              -76.99826,
              -11.95795
            ],
            [
              -76.99813,
              -11.958
            ],
            [
              -76.99797,
              -11.95807
            ],
            [
              -76.99787,
              -11.95811
            ],
            [
              -76.99775,
              -11.95816
            ],
            [
              -76.99755,
              -11.95825
            ],
            [
              -76.9974,
              -11.95832
            ],
            [
              -76.99722,
              -11.95839
            ],
            [
              -76.99701,
              -11.95848
            ],
            [
              -76.99681,
              -11.95857
            ],
            [
              -76.9967,
              -11.95862
            ],
            [
              -76.99661,
              -11.95865
            ],
            [
              -76.99649,
              -11.95867
            ],
            [
              -76.99629,
              -11.9587
            ],
            [
              -76.99613,
              -11.95872
            ],
            [
              -76.99601,
              -11.95873
            ],
            [
              -76.99571,
              -11.95872
            ],
            [
              -76.99532,
              -11.95867
            ],
            [
              -76.99494,
              -11.95862
            ],
            [
              -76.99479,
              -11.9586
            ],
            [
              -76.99466,
              -11.95858
            ],
            [
              -76.99434,
              -11.95854
            ],
            [
              -76.9943,
              -11.95854
            ],
            [
              -76.99399,
              -11.9585
            ],
            [
              -76.99368,
              -11.95845
            ],
            [
              -76.99326,
              -11.9584
            ],
            [
              -76.99294,
              -11.95835
            ],
            [
              -76.99273,
              -11.95832
            ],
            [
              -76.99261,
              -11.95831
            ],
            [
              -76.99256,
              -11.95831
            ],
            [
              -76.99242,
              -11.95836
            ],
            [
              -76.99293,
              -11.95928
            ],
            [
              -76.99317,
              -11.95971
            ],
            [
              -76.99316,
              -11.95973
            ],
            [
              -76.99266,
              -11.96
            ],
            [
              -76.99216,
              -11.96027
            ],
            [
              -76.99162,
              -11.96055
            ],
            [
              -76.99209,
              -11.96129
            ],
            [
              -76.9916,
              -11.96161
            ],
            [
              -76.99124,
              -11.96185
            ],
            [
              -76.99072,
              -11.9622
            ],
            [
              -76.99017,
              -11.96256
            ],
            [
              -76.99014,
              -11.96258
            ],
            [
              -76.9901,
              -11.96261
            ],
            [
              -76.99001,
              -11.96266
            ],
            [
              -76.9899,
              -11.96273
            ],
            [
              -76.98968,
              -11.96286
            ],
            [
              -76.98962,
              -11.96277
            ],
            [
              -76.98958,
              -11.96273
            ],
            [
              -76.98947,
              -11.96257
            ],
            [
              -76.98934,
              -11.96237
            ],
            [
              -76.98918,
              -11.96215
            ],
            [
              -76.98903,
              -11.96192
            ],
            [
              -76.98879,
              -11.96157
            ],
            [
              -76.98868,
              -11.96142
            ],
            [
              -76.98853,
              -11.9612
            ],
            [
              -76.98838,
              -11.96098
            ],
            [
              -76.98821,
              -11.96073
            ],
            [
              -76.98804,
              -11.96049
            ],
            [
              -76.9879,
              -11.96029
            ],
            [
              -76.98776,
              -11.96008
            ],
            [
              -76.9876,
              -11.95985
            ],
            [
              -76.98745,
              -11.95963
            ],
            [
              -76.98731,
              -11.95942
            ],
            [
              -76.98726,
              -11.95936
            ],
            [
              -76.98714,
              -11.95919
            ],
            [
              -76.9871,
              -11.95912
            ],
            [
              -76.98696,
              -11.95893
            ],
            [
              -76.98688,
              -11.95882
            ],
            [
              -76.98688,
              -11.95882
            ]
          ]
        ]
      }
    },
    {
      "type": "Feature",
      "properties": {
        "id": "f0fcc3b4-01a0-4883-bc3e-3958295e976e",
        "name": "Caja de Agua",
        "description": "Caja de Agua es una histórica urbanización de San Juan de Lurigancho, Lima, que se originó en la década de 1960 sobre un antiguo bosque con manantiales. Su nombre proviene de una caja de agua ubicada en la entrada del sector, que abastecía a la población. Hoy en día, es un punto de referencia en el distrito, con acceso a la estación del Metro de Lima \"Caja de Agua\" y diversos servicios urbanos.",
        "color": "#088306",
        "createdAt": "2025-06-11T17:13:24.225Z",
        "updatedAt": "2025-06-11T17:13:24.225Z",
        "zoneId": null,
        "userId": "c0b1d5b9-11c6-4150-9342-46d3142eab82"
      },
      "geometry": {
        "type": "Polygon",
        "coordinates": [
          [
            [
              -77.00612,
              -12.00605
            ],
            [
              -77.00624,
              -12.0061
            ],
            [
              -77.00629,
              -12.00613
            ],
            [
              -77.0064,
              -12.00618
            ],
            [
              -77.00652,
              -12.00624
            ],
            [
              -77.00664,
              -12.00629
            ],
            [
              -77.00682,
              -12.00638
            ],
            [
              -77.00691,
              -12.00642
            ],
            [
              -77.00704,
              -12.00648
            ],
            [
              -77.00737,
              -12.00663
            ],
            [
              -77.00754,
              -12.00672
            ],
            [
              -77.00775,
              -12.00682
            ],
            [
              -77.0079,
              -12.00689
            ],
            [
              -77.00801,
              -12.00695
            ],
            [
              -77.00816,
              -12.007
            ],
            [
              -77.00837,
              -12.00712
            ],
            [
              -77.00858,
              -12.00721
            ],
            [
              -77.00891,
              -12.00737
            ],
            [
              -77.00921,
              -12.00749
            ],
            [
              -77.00939,
              -12.00758
            ],
            [
              -77.00959,
              -12.00768
            ],
            [
              -77.00984,
              -12.00779
            ],
            [
              -77.01005,
              -12.00789
            ],
            [
              -77.01023,
              -12.00793
            ],
            [
              -77.01047,
              -12.00796
            ],
            [
              -77.01071,
              -12.00797
            ],
            [
              -77.01093,
              -12.00795
            ],
            [
              -77.01094,
              -12.00791
            ],
            [
              -77.01095,
              -12.00783
            ],
            [
              -77.01102,
              -12.00764
            ],
            [
              -77.01128,
              -12.00772
            ],
            [
              -77.01198,
              -12.00794
            ],
            [
              -77.01297,
              -12.00825
            ],
            [
              -77.01459,
              -12.00878
            ],
            [
              -77.01594,
              -12.00918
            ],
            [
              -77.01591,
              -12.00921
            ],
            [
              -77.01587,
              -12.00927
            ],
            [
              -77.01578,
              -12.00937
            ],
            [
              -77.01571,
              -12.00946
            ],
            [
              -77.01559,
              -12.00955
            ],
            [
              -77.01557,
              -12.00961
            ],
            [
              -77.01565,
              -12.0097
            ],
            [
              -77.01579,
              -12.00984
            ],
            [
              -77.01593,
              -12.00996
            ],
            [
              -77.01592,
              -12.00999
            ],
            [
              -77.01578,
              -12.01014
            ],
            [
              -77.01573,
              -12.01016
            ],
            [
              -77.01565,
              -12.01019
            ],
            [
              -77.01556,
              -12.01024
            ],
            [
              -77.01548,
              -12.01026
            ],
            [
              -77.01534,
              -12.0103
            ],
            [
              -77.01525,
              -12.01029
            ],
            [
              -77.01514,
              -12.01027
            ],
            [
              -77.01502,
              -12.01027
            ],
            [
              -77.01491,
              -12.01029
            ],
            [
              -77.01483,
              -12.01033
            ],
            [
              -77.01477,
              -12.01037
            ],
            [
              -77.01468,
              -12.01045
            ],
            [
              -77.01462,
              -12.01054
            ],
            [
              -77.01455,
              -12.01064
            ],
            [
              -77.01444,
              -12.01085
            ],
            [
              -77.01454,
              -12.01093
            ],
            [
              -77.01498,
              -12.01127
            ],
            [
              -77.01538,
              -12.01157
            ],
            [
              -77.01552,
              -12.0114
            ],
            [
              -77.01564,
              -12.01147
            ],
            [
              -77.01577,
              -12.01146
            ],
            [
              -77.01604,
              -12.01154
            ],
            [
              -77.01629,
              -12.01175
            ],
            [
              -77.01648,
              -12.01218
            ],
            [
              -77.01644,
              -12.01241
            ],
            [
              -77.01685,
              -12.01299
            ],
            [
              -77.01748,
              -12.01385
            ],
            [
              -77.01801,
              -12.01458
            ],
            [
              -77.01851,
              -12.01527
            ],
            [
              -77.01905,
              -12.01601
            ],
            [
              -77.01948,
              -12.01658
            ],
            [
              -77.01988,
              -12.01713
            ],
            [
              -77.02022,
              -12.0176
            ],
            [
              -77.02044,
              -12.01774
            ],
            [
              -77.02058,
              -12.01884
            ],
            [
              -77.02029,
              -12.01931
            ],
            [
              -77.02027,
              -12.01935
            ],
            [
              -77.02027,
              -12.01937
            ],
            [
              -77.02025,
              -12.01939
            ],
            [
              -77.02006,
              -12.0199
            ],
            [
              -77.01975,
              -12.02016
            ],
            [
              -77.01967,
              -12.02033
            ],
            [
              -77.01959,
              -12.02051
            ],
            [
              -77.01949,
              -12.02074
            ],
            [
              -77.01949,
              -12.02081
            ],
            [
              -77.01948,
              -12.02099
            ],
            [
              -77.01947,
              -12.0212
            ],
            [
              -77.01948,
              -12.02123
            ],
            [
              -77.01956,
              -12.02141
            ],
            [
              -77.01967,
              -12.02166
            ],
            [
              -77.01975,
              -12.02183
            ],
            [
              -77.01978,
              -12.02189
            ],
            [
              -77.01984,
              -12.02199
            ],
            [
              -77.01993,
              -12.02216
            ],
            [
              -77.0201,
              -12.02246
            ],
            [
              -77.0201,
              -12.02271
            ],
            [
              -77.02011,
              -12.02311
            ],
            [
              -77.02011,
              -12.02338
            ],
            [
              -77.02011,
              -12.02349
            ],
            [
              -77.02011,
              -12.02352
            ],
            [
              -77.02013,
              -12.02354
            ],
            [
              -77.02018,
              -12.02359
            ],
            [
              -77.02023,
              -12.02363
            ],
            [
              -77.02026,
              -12.02366
            ],
            [
              -77.02032,
              -12.02371
            ],
            [
              -77.02037,
              -12.02375
            ],
            [
              -77.02042,
              -12.0238
            ],
            [
              -77.02046,
              -12.02383
            ],
            [
              -77.02051,
              -12.02388
            ],
            [
              -77.02058,
              -12.02394
            ],
            [
              -77.02061,
              -12.02397
            ],
            [
              -77.02062,
              -12.024
            ],
            [
              -77.02065,
              -12.02403
            ],
            [
              -77.02067,
              -12.02407
            ],
            [
              -77.02072,
              -12.02414
            ],
            [
              -77.02077,
              -12.02421
            ],
            [
              -77.02088,
              -12.02439
            ],
            [
              -77.02092,
              -12.02444
            ],
            [
              -77.02098,
              -12.02454
            ],
            [
              -77.02103,
              -12.02461
            ],
            [
              -77.0211,
              -12.02471
            ],
            [
              -77.02115,
              -12.02474
            ],
            [
              -77.02126,
              -12.02479
            ],
            [
              -77.02141,
              -12.02486
            ],
            [
              -77.02155,
              -12.02492
            ],
            [
              -77.02179,
              -12.02503
            ],
            [
              -77.02205,
              -12.02514
            ],
            [
              -77.02206,
              -12.02534
            ],
            [
              -77.02207,
              -12.02544
            ],
            [
              -77.02212,
              -12.02547
            ],
            [
              -77.02208,
              -12.0256
            ],
            [
              -77.02208,
              -12.02563
            ],
            [
              -77.02209,
              -12.0258
            ],
            [
              -77.0221,
              -12.02593
            ],
            [
              -77.0221,
              -12.02613
            ],
            [
              -77.02215,
              -12.02616
            ],
            [
              -77.02214,
              -12.02638
            ],
            [
              -77.02214,
              -12.02639
            ],
            [
              -77.02212,
              -12.02641
            ],
            [
              -77.02209,
              -12.02642
            ],
            [
              -77.02209,
              -12.02644
            ],
            [
              -77.02209,
              -12.02645
            ],
            [
              -77.02208,
              -12.02648
            ],
            [
              -77.02207,
              -12.02653
            ],
            [
              -77.02206,
              -12.02656
            ],
            [
              -77.02206,
              -12.02657
            ],
            [
              -77.02205,
              -12.02658
            ],
            [
              -77.02204,
              -12.0266
            ],
            [
              -77.02203,
              -12.02662
            ],
            [
              -77.02202,
              -12.02663
            ],
            [
              -77.02202,
              -12.02665
            ],
            [
              -77.02202,
              -12.02671
            ],
            [
              -77.02202,
              -12.02674
            ],
            [
              -77.02203,
              -12.02675
            ],
            [
              -77.02207,
              -12.02678
            ],
            [
              -77.0221,
              -12.0268
            ],
            [
              -77.02216,
              -12.02683
            ],
            [
              -77.02219,
              -12.02684
            ],
            [
              -77.02219,
              -12.02685
            ],
            [
              -77.02219,
              -12.0269
            ],
            [
              -77.02219,
              -12.02697
            ],
            [
              -77.02231,
              -12.02714
            ],
            [
              -77.02232,
              -12.02716
            ],
            [
              -77.02234,
              -12.02721
            ],
            [
              -77.02237,
              -12.02731
            ],
            [
              -77.02242,
              -12.02745
            ],
            [
              -77.02244,
              -12.02752
            ],
            [
              -77.02245,
              -12.02756
            ],
            [
              -77.02246,
              -12.02759
            ],
            [
              -77.02246,
              -12.0276
            ],
            [
              -77.02245,
              -12.02763
            ],
            [
              -77.02245,
              -12.02765
            ],
            [
              -77.02243,
              -12.02768
            ],
            [
              -77.02243,
              -12.02769
            ],
            [
              -77.02242,
              -12.02771
            ],
            [
              -77.0224,
              -12.02774
            ],
            [
              -77.02238,
              -12.02776
            ],
            [
              -77.02236,
              -12.02779
            ],
            [
              -77.02236,
              -12.0278
            ],
            [
              -77.02235,
              -12.02783
            ],
            [
              -77.02235,
              -12.02789
            ],
            [
              -77.02234,
              -12.02796
            ],
            [
              -77.02233,
              -12.02807
            ],
            [
              -77.02232,
              -12.02808
            ],
            [
              -77.02231,
              -12.02811
            ],
            [
              -77.0223,
              -12.02813
            ],
            [
              -77.02226,
              -12.02816
            ],
            [
              -77.02224,
              -12.02819
            ],
            [
              -77.02223,
              -12.02821
            ],
            [
              -77.0222,
              -12.02824
            ],
            [
              -77.02218,
              -12.02826
            ],
            [
              -77.02215,
              -12.02828
            ],
            [
              -77.02213,
              -12.0283
            ],
            [
              -77.0221,
              -12.02832
            ],
            [
              -77.02208,
              -12.02835
            ],
            [
              -77.02205,
              -12.02838
            ],
            [
              -77.02203,
              -12.02841
            ],
            [
              -77.022,
              -12.02844
            ],
            [
              -77.02197,
              -12.02847
            ],
            [
              -77.02193,
              -12.02851
            ],
            [
              -77.02188,
              -12.02857
            ],
            [
              -77.02182,
              -12.02864
            ],
            [
              -77.02177,
              -12.02871
            ],
            [
              -77.02172,
              -12.02877
            ],
            [
              -77.02169,
              -12.02882
            ],
            [
              -77.02164,
              -12.02889
            ],
            [
              -77.02161,
              -12.02893
            ],
            [
              -77.02158,
              -12.02897
            ],
            [
              -77.02155,
              -12.02902
            ],
            [
              -77.02151,
              -12.02908
            ],
            [
              -77.02148,
              -12.02912
            ],
            [
              -77.02146,
              -12.02916
            ],
            [
              -77.0214,
              -12.02923
            ],
            [
              -77.02137,
              -12.02927
            ],
            [
              -77.02129,
              -12.02937
            ],
            [
              -77.02122,
              -12.02942
            ],
            [
              -77.02113,
              -12.02951
            ],
            [
              -77.02106,
              -12.02959
            ],
            [
              -77.021,
              -12.02965
            ],
            [
              -77.02093,
              -12.02978
            ],
            [
              -77.02086,
              -12.02987
            ],
            [
              -77.0208,
              -12.02998
            ],
            [
              -77.02075,
              -12.0301
            ],
            [
              -77.02073,
              -12.03013
            ],
            [
              -77.0207,
              -12.03014
            ],
            [
              -77.02063,
              -12.03017
            ],
            [
              -77.02055,
              -12.03021
            ],
            [
              -77.02048,
              -12.03026
            ],
            [
              -77.02038,
              -12.03031
            ],
            [
              -77.0203,
              -12.03036
            ],
            [
              -77.02022,
              -12.03042
            ],
            [
              -77.02008,
              -12.03054
            ],
            [
              -77.02006,
              -12.03058
            ],
            [
              -77.01997,
              -12.03078
            ],
            [
              -77.01995,
              -12.03083
            ],
            [
              -77.01991,
              -12.03087
            ],
            [
              -77.01984,
              -12.03093
            ],
            [
              -77.01974,
              -12.03104
            ],
            [
              -77.01964,
              -12.03112
            ],
            [
              -77.01955,
              -12.03122
            ],
            [
              -77.01953,
              -12.03132
            ],
            [
              -77.01944,
              -12.03154
            ],
            [
              -77.01935,
              -12.03188
            ],
            [
              -77.01925,
              -12.03202
            ],
            [
              -77.01911,
              -12.03218
            ],
            [
              -77.01895,
              -12.03252
            ],
            [
              -77.01882,
              -12.03279
            ],
            [
              -77.01865,
              -12.03314
            ],
            [
              -77.01852,
              -12.03336
            ],
            [
              -77.01841,
              -12.03358
            ],
            [
              -77.01833,
              -12.03366
            ],
            [
              -77.01822,
              -12.03376
            ],
            [
              -77.01807,
              -12.03391
            ],
            [
              -77.01795,
              -12.03402
            ],
            [
              -77.01777,
              -12.03419
            ],
            [
              -77.01769,
              -12.03436
            ],
            [
              -77.0177,
              -12.03449
            ],
            [
              -77.0178,
              -12.03501
            ],
            [
              -77.01782,
              -12.03511
            ],
            [
              -77.01783,
              -12.03518
            ],
            [
              -77.01784,
              -12.03538
            ],
            [
              -77.01784,
              -12.03543
            ],
            [
              -77.01781,
              -12.03547
            ],
            [
              -77.01777,
              -12.0355
            ],
            [
              -77.01775,
              -12.03556
            ],
            [
              -77.01765,
              -12.03567
            ],
            [
              -77.01755,
              -12.03577
            ],
            [
              -77.01744,
              -12.03582
            ],
            [
              -77.01732,
              -12.03588
            ],
            [
              -77.01722,
              -12.03593
            ],
            [
              -77.0171,
              -12.03598
            ],
            [
              -77.017,
              -12.03604
            ],
            [
              -77.0169,
              -12.03612
            ],
            [
              -77.01679,
              -12.03614
            ],
            [
              -77.01665,
              -12.03616
            ],
            [
              -77.01651,
              -12.03615
            ],
            [
              -77.01637,
              -12.03618
            ],
            [
              -77.01625,
              -12.03622
            ],
            [
              -77.01614,
              -12.03626
            ],
            [
              -77.01596,
              -12.03627
            ],
            [
              -77.01587,
              -12.03631
            ],
            [
              -77.01577,
              -12.0364
            ],
            [
              -77.01548,
              -12.03653
            ],
            [
              -77.01546,
              -12.03653
            ],
            [
              -77.01542,
              -12.03654
            ],
            [
              -77.01538,
              -12.03654
            ],
            [
              -77.01536,
              -12.03654
            ],
            [
              -77.01531,
              -12.03657
            ],
            [
              -77.01525,
              -12.03659
            ],
            [
              -77.0152,
              -12.03661
            ],
            [
              -77.01519,
              -12.03664
            ],
            [
              -77.01518,
              -12.03666
            ],
            [
              -77.01517,
              -12.03669
            ],
            [
              -77.01517,
              -12.03671
            ],
            [
              -77.01516,
              -12.03671
            ],
            [
              -77.01508,
              -12.03671
            ],
            [
              -77.01506,
              -12.03671
            ],
            [
              -77.01504,
              -12.03672
            ],
            [
              -77.01505,
              -12.03675
            ],
            [
              -77.01504,
              -12.03675
            ],
            [
              -77.01502,
              -12.03677
            ],
            [
              -77.01499,
              -12.03679
            ],
            [
              -77.01496,
              -12.0368
            ],
            [
              -77.01492,
              -12.03678
            ],
            [
              -77.01491,
              -12.03678
            ],
            [
              -77.01489,
              -12.03679
            ],
            [
              -77.01483,
              -12.03682
            ],
            [
              -77.01478,
              -12.03687
            ],
            [
              -77.01477,
              -12.03686
            ],
            [
              -77.01475,
              -12.03685
            ],
            [
              -77.01471,
              -12.03688
            ],
            [
              -77.01465,
              -12.0369
            ],
            [
              -77.0146,
              -12.03692
            ],
            [
              -77.01457,
              -12.03693
            ],
            [
              -77.01455,
              -12.03692
            ],
            [
              -77.01454,
              -12.03689
            ],
            [
              -77.01453,
              -12.03687
            ],
            [
              -77.0145,
              -12.03688
            ],
            [
              -77.01448,
              -12.03689
            ],
            [
              -77.01447,
              -12.03687
            ],
            [
              -77.01445,
              -12.03685
            ],
            [
              -77.01444,
              -12.03685
            ],
            [
              -77.01439,
              -12.03688
            ],
            [
              -77.01434,
              -12.03691
            ],
            [
              -77.01429,
              -12.03693
            ],
            [
              -77.01426,
              -12.03694
            ],
            [
              -77.01424,
              -12.03691
            ],
            [
              -77.01422,
              -12.03689
            ],
            [
              -77.01419,
              -12.03691
            ],
            [
              -77.01414,
              -12.03693
            ],
            [
              -77.01409,
              -12.03694
            ],
            [
              -77.01403,
              -12.03697
            ],
            [
              -77.01398,
              -12.03697
            ],
            [
              -77.01394,
              -12.03697
            ],
            [
              -77.01394,
              -12.03699
            ],
            [
              -77.01392,
              -12.03708
            ],
            [
              -77.01391,
              -12.03715
            ],
            [
              -77.0139,
              -12.03716
            ],
            [
              -77.01386,
              -12.03716
            ],
            [
              -77.0138,
              -12.03713
            ],
            [
              -77.01375,
              -12.03714
            ],
            [
              -77.01367,
              -12.03715
            ],
            [
              -77.01353,
              -12.03717
            ],
            [
              -77.01337,
              -12.0372
            ],
            [
              -77.01316,
              -12.03724
            ],
            [
              -77.01303,
              -12.03726
            ],
            [
              -77.01291,
              -12.03728
            ],
            [
              -77.01287,
              -12.03728
            ],
            [
              -77.01285,
              -12.03726
            ],
            [
              -77.01284,
              -12.03724
            ],
            [
              -77.0128,
              -12.0371
            ],
            [
              -77.01276,
              -12.03697
            ],
            [
              -77.0127,
              -12.03678
            ],
            [
              -77.01267,
              -12.03667
            ],
            [
              -77.01254,
              -12.03626
            ],
            [
              -77.01252,
              -12.03612
            ],
            [
              -77.01249,
              -12.03598
            ],
            [
              -77.01246,
              -12.03574
            ],
            [
              -77.01241,
              -12.03551
            ],
            [
              -77.01236,
              -12.03526
            ],
            [
              -77.01234,
              -12.03513
            ],
            [
              -77.01231,
              -12.035
            ],
            [
              -77.01228,
              -12.03479
            ],
            [
              -77.01223,
              -12.03466
            ],
            [
              -77.01216,
              -12.03433
            ],
            [
              -77.01215,
              -12.03418
            ],
            [
              -77.0121,
              -12.034
            ],
            [
              -77.01202,
              -12.03363
            ],
            [
              -77.01197,
              -12.0334
            ],
            [
              -77.01197,
              -12.03338
            ],
            [
              -77.01198,
              -12.03332
            ],
            [
              -77.01199,
              -12.03326
            ],
            [
              -77.01201,
              -12.0331
            ],
            [
              -77.01201,
              -12.03296
            ],
            [
              -77.01204,
              -12.0328
            ],
            [
              -77.01205,
              -12.03273
            ],
            [
              -77.01206,
              -12.03258
            ],
            [
              -77.0121,
              -12.03228
            ],
            [
              -77.01213,
              -12.03211
            ],
            [
              -77.01216,
              -12.03196
            ],
            [
              -77.01219,
              -12.03172
            ],
            [
              -77.0122,
              -12.03153
            ],
            [
              -77.01222,
              -12.0312
            ],
            [
              -77.01218,
              -12.03087
            ],
            [
              -77.0121,
              -12.03046
            ],
            [
              -77.01204,
              -12.03029
            ],
            [
              -77.012,
              -12.0301
            ],
            [
              -77.01193,
              -12.02985
            ],
            [
              -77.01187,
              -12.02964
            ],
            [
              -77.01184,
              -12.02954
            ],
            [
              -77.0118,
              -12.02941
            ],
            [
              -77.01175,
              -12.0292
            ],
            [
              -77.01163,
              -12.02884
            ],
            [
              -77.01156,
              -12.02866
            ],
            [
              -77.01149,
              -12.02844
            ],
            [
              -77.01126,
              -12.02791
            ],
            [
              -77.0111,
              -12.02756
            ],
            [
              -77.01086,
              -12.02705
            ],
            [
              -77.01081,
              -12.02688
            ],
            [
              -77.01071,
              -12.02672
            ],
            [
              -77.01064,
              -12.02654
            ],
            [
              -77.0105,
              -12.02631
            ],
            [
              -77.0104,
              -12.02616
            ],
            [
              -77.01028,
              -12.02596
            ],
            [
              -77.01011,
              -12.02577
            ],
            [
              -77.00972,
              -12.02533
            ],
            [
              -77.00926,
              -12.02486
            ],
            [
              -77.00874,
              -12.02431
            ],
            [
              -77.0082,
              -12.02373
            ],
            [
              -77.00802,
              -12.02354
            ],
            [
              -77.00769,
              -12.02319
            ],
            [
              -77.0073,
              -12.0228
            ],
            [
              -77.00707,
              -12.02255
            ],
            [
              -77.00683,
              -12.02231
            ],
            [
              -77.0065,
              -12.02192
            ],
            [
              -77.0061,
              -12.02152
            ],
            [
              -77.00594,
              -12.02134
            ],
            [
              -77.00568,
              -12.02107
            ],
            [
              -77.00539,
              -12.02075
            ],
            [
              -77.00512,
              -12.02045
            ],
            [
              -77.00476,
              -12.02013
            ],
            [
              -77.0046,
              -12.01997
            ],
            [
              -77.00447,
              -12.01987
            ],
            [
              -77.00414,
              -12.01959
            ],
            [
              -77.00388,
              -12.01938
            ],
            [
              -77.00373,
              -12.01926
            ],
            [
              -77.00352,
              -12.01908
            ],
            [
              -77.00343,
              -12.01895
            ],
            [
              -77.00323,
              -12.01872
            ],
            [
              -77.00305,
              -12.0185
            ],
            [
              -77.00281,
              -12.01818
            ],
            [
              -77.00268,
              -12.01802
            ],
            [
              -77.00246,
              -12.01773
            ],
            [
              -77.00218,
              -12.01732
            ],
            [
              -77.00195,
              -12.01686
            ],
            [
              -77.0019,
              -12.01659
            ],
            [
              -77.00185,
              -12.01632
            ],
            [
              -77.00186,
              -12.01608
            ],
            [
              -77.00187,
              -12.01572
            ],
            [
              -77.0019,
              -12.01495
            ],
            [
              -77.00199,
              -12.01352
            ],
            [
              -77.002,
              -12.01319
            ],
            [
              -77.00204,
              -12.01289
            ],
            [
              -77.00208,
              -12.01264
            ],
            [
              -77.00218,
              -12.01214
            ],
            [
              -77.00228,
              -12.01186
            ],
            [
              -77.00241,
              -12.01164
            ],
            [
              -77.00265,
              -12.01119
            ],
            [
              -77.00345,
              -12.00993
            ],
            [
              -77.00401,
              -12.00904
            ],
            [
              -77.00461,
              -12.0081
            ],
            [
              -77.00535,
              -12.00694
            ],
            [
              -77.00598,
              -12.00598
            ],
            [
              -77.00612,
              -12.00605
            ],
            [
              -77.00612,
              -12.00605
            ]
          ]
        ]
      }
    },
    {
      "type": "Feature",
      "properties": {
        "id": "a7660f89-258e-4a17-8864-1e26f18567f0",
        "name": "Canto Rey",
        "description": "Canto Rey es una urbanización ubicada en San Juan de Lurigancho, Lima, conocida por su desarrollo residencial y comercial, así como por su conectividad con el transporte público, incluyendo la estación de metro San Martín de la Línea 1.",
        "color": "#0288D1",
        "createdAt": "2025-06-11T17:13:24.225Z",
        "updatedAt": "2025-06-11T17:13:24.225Z",
        "zoneId": null,
        "userId": "c0b1d5b9-11c6-4150-9342-46d3142eab82"
      },
      "geometry": {
        "type": "Polygon",
        "coordinates": [
          [
            [
              -76.9883,
              -11.96086
            ],
            [
              -76.98989,
              -11.96315
            ],
            [
              -76.9899,
              -11.96317
            ],
            [
              -76.98992,
              -11.9632
            ],
            [
              -76.98993,
              -11.96322
            ],
            [
              -76.98995,
              -11.96325
            ],
            [
              -76.98996,
              -11.96326
            ],
            [
              -76.98999,
              -11.9633
            ],
            [
              -76.98999,
              -11.96331
            ],
            [
              -76.99,
              -11.96332
            ],
            [
              -76.99002,
              -11.96335
            ],
            [
              -76.99005,
              -11.96339
            ],
            [
              -76.99008,
              -11.96343
            ],
            [
              -76.9901,
              -11.96345
            ],
            [
              -76.99014,
              -11.96351
            ],
            [
              -76.99019,
              -11.96359
            ],
            [
              -76.99024,
              -11.96365
            ],
            [
              -76.99029,
              -11.96373
            ],
            [
              -76.99037,
              -11.96385
            ],
            [
              -76.99042,
              -11.96392
            ],
            [
              -76.9905,
              -11.96403
            ],
            [
              -76.9906,
              -11.96417
            ],
            [
              -76.99065,
              -11.96425
            ],
            [
              -76.99068,
              -11.96428
            ],
            [
              -76.99072,
              -11.96434
            ],
            [
              -76.99074,
              -11.96437
            ],
            [
              -76.99077,
              -11.96441
            ],
            [
              -76.99081,
              -11.96447
            ],
            [
              -76.99088,
              -11.96456
            ],
            [
              -76.99092,
              -11.96462
            ],
            [
              -76.99096,
              -11.96467
            ],
            [
              -76.99099,
              -11.96472
            ],
            [
              -76.99102,
              -11.96476
            ],
            [
              -76.99104,
              -11.96479
            ],
            [
              -76.99107,
              -11.96483
            ],
            [
              -76.9911,
              -11.96487
            ],
            [
              -76.99121,
              -11.96502
            ],
            [
              -76.99125,
              -11.96507
            ],
            [
              -76.99126,
              -11.96509
            ],
            [
              -76.99133,
              -11.96518
            ],
            [
              -76.99135,
              -11.96521
            ],
            [
              -76.99144,
              -11.96532
            ],
            [
              -76.99148,
              -11.96539
            ],
            [
              -76.99157,
              -11.9655
            ],
            [
              -76.99162,
              -11.96558
            ],
            [
              -76.99171,
              -11.9657
            ],
            [
              -76.9918,
              -11.96582
            ],
            [
              -76.9919,
              -11.96596
            ],
            [
              -76.99203,
              -11.96613
            ],
            [
              -76.99214,
              -11.96628
            ],
            [
              -76.99227,
              -11.96647
            ],
            [
              -76.99246,
              -11.96673
            ],
            [
              -76.9925,
              -11.96679
            ],
            [
              -76.99256,
              -11.96687
            ],
            [
              -76.9926,
              -11.96692
            ],
            [
              -76.9927,
              -11.96706
            ],
            [
              -76.99284,
              -11.96725
            ],
            [
              -76.99292,
              -11.96736
            ],
            [
              -76.99306,
              -11.96755
            ],
            [
              -76.99318,
              -11.96771
            ],
            [
              -76.9933,
              -11.96787
            ],
            [
              -76.99343,
              -11.96805
            ],
            [
              -76.99351,
              -11.96816
            ],
            [
              -76.9936,
              -11.96829
            ],
            [
              -76.99363,
              -11.96833
            ],
            [
              -76.99375,
              -11.96848
            ],
            [
              -76.99381,
              -11.96857
            ],
            [
              -76.99392,
              -11.96869
            ],
            [
              -76.99408,
              -11.96892
            ],
            [
              -76.99417,
              -11.96904
            ],
            [
              -76.99436,
              -11.9693
            ],
            [
              -76.99453,
              -11.96954
            ],
            [
              -76.99475,
              -11.96983
            ],
            [
              -76.99529,
              -11.97059
            ],
            [
              -76.9956,
              -11.97097
            ],
            [
              -76.99581,
              -11.97127
            ],
            [
              -76.99581,
              -11.97127
            ],
            [
              -76.99582,
              -11.97128
            ],
            [
              -76.99584,
              -11.97132
            ],
            [
              -76.99587,
              -11.97136
            ],
            [
              -76.99591,
              -11.9714
            ],
            [
              -76.99595,
              -11.97145
            ],
            [
              -76.99597,
              -11.97148
            ],
            [
              -76.996,
              -11.97152
            ],
            [
              -76.99604,
              -11.97157
            ],
            [
              -76.99607,
              -11.97161
            ],
            [
              -76.99611,
              -11.97165
            ],
            [
              -76.99612,
              -11.97166
            ],
            [
              -76.99615,
              -11.9717
            ],
            [
              -76.99617,
              -11.97173
            ],
            [
              -76.99621,
              -11.97176
            ],
            [
              -76.99623,
              -11.97179
            ],
            [
              -76.99625,
              -11.97182
            ],
            [
              -76.99629,
              -11.97186
            ],
            [
              -76.99633,
              -11.9719
            ],
            [
              -76.99638,
              -11.97195
            ],
            [
              -76.99642,
              -11.972
            ],
            [
              -76.99647,
              -11.97205
            ],
            [
              -76.99652,
              -11.9721
            ],
            [
              -76.99656,
              -11.97213
            ],
            [
              -76.9966,
              -11.97217
            ],
            [
              -76.99664,
              -11.97221
            ],
            [
              -76.99665,
              -11.97222
            ],
            [
              -76.99669,
              -11.97226
            ],
            [
              -76.99671,
              -11.97228
            ],
            [
              -76.99675,
              -11.9723
            ],
            [
              -76.99679,
              -11.97234
            ],
            [
              -76.99681,
              -11.97235
            ],
            [
              -76.99682,
              -11.97236
            ],
            [
              -76.99684,
              -11.97238
            ],
            [
              -76.99686,
              -11.97239
            ],
            [
              -76.99687,
              -11.9724
            ],
            [
              -76.99687,
              -11.97241
            ],
            [
              -76.99693,
              -11.97245
            ],
            [
              -76.99695,
              -11.97247
            ],
            [
              -76.99697,
              -11.97249
            ],
            [
              -76.99701,
              -11.97252
            ],
            [
              -76.99714,
              -11.97262
            ],
            [
              -76.99725,
              -11.97271
            ],
            [
              -76.99749,
              -11.97288
            ],
            [
              -76.99781,
              -11.9731
            ],
            [
              -76.99797,
              -11.97322
            ],
            [
              -76.99808,
              -11.9733
            ],
            [
              -76.99821,
              -11.97339
            ],
            [
              -76.99828,
              -11.97344
            ],
            [
              -76.99836,
              -11.9735
            ],
            [
              -76.9985,
              -11.97361
            ],
            [
              -76.99855,
              -11.97364
            ],
            [
              -76.99876,
              -11.9738
            ],
            [
              -76.99885,
              -11.97386
            ],
            [
              -76.99906,
              -11.97401
            ],
            [
              -76.99929,
              -11.97417
            ],
            [
              -76.99946,
              -11.97429
            ],
            [
              -76.99968,
              -11.97446
            ],
            [
              -76.99989,
              -11.9746
            ],
            [
              -77.00005,
              -11.97472
            ],
            [
              -77.00022,
              -11.97484
            ],
            [
              -77.00038,
              -11.97495
            ],
            [
              -77.00044,
              -11.97498
            ],
            [
              -77.00049,
              -11.97502
            ],
            [
              -77.00054,
              -11.97506
            ],
            [
              -77.00094,
              -11.97534
            ],
            [
              -77.00107,
              -11.97544
            ],
            [
              -77.00155,
              -11.97578
            ],
            [
              -77.00168,
              -11.97588
            ],
            [
              -77.00184,
              -11.97599
            ],
            [
              -77.00205,
              -11.97615
            ],
            [
              -77.00215,
              -11.97622
            ],
            [
              -77.00234,
              -11.97635
            ],
            [
              -77.00246,
              -11.97644
            ],
            [
              -77.00263,
              -11.97656
            ],
            [
              -77.00283,
              -11.97673
            ],
            [
              -77.00286,
              -11.97675
            ],
            [
              -77.00291,
              -11.97681
            ],
            [
              -77.00297,
              -11.97687
            ],
            [
              -77.003,
              -11.9769
            ],
            [
              -77.00302,
              -11.97691
            ],
            [
              -77.00306,
              -11.97696
            ],
            [
              -77.0031,
              -11.977
            ],
            [
              -77.00312,
              -11.97702
            ],
            [
              -77.00315,
              -11.97705
            ],
            [
              -77.00319,
              -11.9771
            ],
            [
              -77.00324,
              -11.97715
            ],
            [
              -77.00327,
              -11.9772
            ],
            [
              -77.00332,
              -11.97726
            ],
            [
              -77.00336,
              -11.9773
            ],
            [
              -77.00344,
              -11.97741
            ],
            [
              -77.00345,
              -11.97744
            ],
            [
              -77.00348,
              -11.97748
            ],
            [
              -77.00353,
              -11.97753
            ],
            [
              -77.00357,
              -11.97759
            ],
            [
              -77.0036,
              -11.97763
            ],
            [
              -77.00364,
              -11.97769
            ],
            [
              -77.00366,
              -11.97772
            ],
            [
              -77.0037,
              -11.97778
            ],
            [
              -77.00373,
              -11.97781
            ],
            [
              -77.00376,
              -11.97787
            ],
            [
              -77.00379,
              -11.9779
            ],
            [
              -77.0039,
              -11.97806
            ],
            [
              -77.00393,
              -11.9781
            ],
            [
              -77.00407,
              -11.97829
            ],
            [
              -77.00412,
              -11.97835
            ],
            [
              -77.00424,
              -11.97853
            ],
            [
              -77.00427,
              -11.97856
            ],
            [
              -77.0043,
              -11.97861
            ],
            [
              -77.00439,
              -11.97878
            ],
            [
              -77.00441,
              -11.97882
            ],
            [
              -77.00445,
              -11.97888
            ],
            [
              -77.00457,
              -11.9791
            ],
            [
              -77.0046,
              -11.97915
            ],
            [
              -77.00462,
              -11.9792
            ],
            [
              -77.00474,
              -11.97945
            ],
            [
              -77.0048,
              -11.97957
            ],
            [
              -77.00484,
              -11.97966
            ],
            [
              -77.00491,
              -11.97981
            ],
            [
              -77.00505,
              -11.9801
            ],
            [
              -77.00516,
              -11.98036
            ],
            [
              -77.00521,
              -11.9805
            ],
            [
              -77.00523,
              -11.98053
            ],
            [
              -77.00528,
              -11.98064
            ],
            [
              -77.00531,
              -11.98072
            ],
            [
              -77.00533,
              -11.98078
            ],
            [
              -77.00543,
              -11.98108
            ],
            [
              -77.00557,
              -11.98152
            ],
            [
              -77.00569,
              -11.98187
            ],
            [
              -77.00578,
              -11.98216
            ],
            [
              -77.00592,
              -11.98255
            ],
            [
              -77.00605,
              -11.98292
            ],
            [
              -77.00618,
              -11.98333
            ],
            [
              -77.0063,
              -11.98368
            ],
            [
              -77.00641,
              -11.98399
            ],
            [
              -77.00648,
              -11.98417
            ],
            [
              -77.00649,
              -11.98422
            ],
            [
              -77.00651,
              -11.98426
            ],
            [
              -77.00656,
              -11.98441
            ],
            [
              -77.0066,
              -11.98451
            ],
            [
              -77.00665,
              -11.98466
            ],
            [
              -77.00671,
              -11.98485
            ],
            [
              -77.00666,
              -11.98486
            ],
            [
              -77.00646,
              -11.98493
            ],
            [
              -77.00623,
              -11.98499
            ],
            [
              -77.00601,
              -11.98505
            ],
            [
              -77.00572,
              -11.98512
            ],
            [
              -77.00548,
              -11.98518
            ],
            [
              -77.00518,
              -11.98525
            ],
            [
              -77.00502,
              -11.98529
            ],
            [
              -77.00501,
              -11.98529
            ],
            [
              -77.00501,
              -11.9853
            ],
            [
              -77.005,
              -11.9853
            ],
            [
              -77.00499,
              -11.9853
            ],
            [
              -77.00497,
              -11.9853
            ],
            [
              -77.00495,
              -11.98531
            ],
            [
              -77.00495,
              -11.98531
            ],
            [
              -77.00493,
              -11.98532
            ],
            [
              -77.00492,
              -11.98532
            ],
            [
              -77.00488,
              -11.98533
            ],
            [
              -77.00486,
              -11.98533
            ],
            [
              -77.00484,
              -11.98534
            ],
            [
              -77.00483,
              -11.98534
            ],
            [
              -77.00481,
              -11.98534
            ],
            [
              -77.00481,
              -11.98535
            ],
            [
              -77.0048,
              -11.98535
            ],
            [
              -77.00479,
              -11.98535
            ],
            [
              -77.00477,
              -11.98535
            ],
            [
              -77.00476,
              -11.98536
            ],
            [
              -77.00474,
              -11.98536
            ],
            [
              -77.00471,
              -11.98537
            ],
            [
              -77.00469,
              -11.98537
            ],
            [
              -77.00467,
              -11.98538
            ],
            [
              -77.00465,
              -11.98538
            ],
            [
              -77.00463,
              -11.98539
            ],
            [
              -77.00462,
              -11.98539
            ],
            [
              -77.0046,
              -11.98539
            ],
            [
              -77.00458,
              -11.9854
            ],
            [
              -77.00457,
              -11.9854
            ],
            [
              -77.00454,
              -11.98541
            ],
            [
              -77.00453,
              -11.98541
            ],
            [
              -77.0045,
              -11.98542
            ],
            [
              -77.00449,
              -11.98542
            ],
            [
              -77.00447,
              -11.98543
            ],
            [
              -77.00445,
              -11.98543
            ],
            [
              -77.00445,
              -11.98543
            ],
            [
              -77.00443,
              -11.98543
            ],
            [
              -77.00443,
              -11.98544
            ],
            [
              -77.00441,
              -11.98544
            ],
            [
              -77.0044,
              -11.98544
            ],
            [
              -77.00439,
              -11.98545
            ],
            [
              -77.00437,
              -11.98545
            ],
            [
              -77.00434,
              -11.98546
            ],
            [
              -77.00431,
              -11.98546
            ],
            [
              -77.00424,
              -11.98548
            ],
            [
              -77.00422,
              -11.98548
            ],
            [
              -77.00414,
              -11.9855
            ],
            [
              -77.00409,
              -11.98552
            ],
            [
              -77.00406,
              -11.98552
            ],
            [
              -77.004,
              -11.98554
            ],
            [
              -77.00399,
              -11.98555
            ],
            [
              -77.00389,
              -11.98557
            ],
            [
              -77.00383,
              -11.98559
            ],
            [
              -77.00377,
              -11.9856
            ],
            [
              -77.00367,
              -11.98563
            ],
            [
              -77.00363,
              -11.98564
            ],
            [
              -77.0036,
              -11.98565
            ],
            [
              -77.00357,
              -11.98566
            ],
            [
              -77.00354,
              -11.98567
            ],
            [
              -77.00352,
              -11.98568
            ],
            [
              -77.00344,
              -11.98571
            ],
            [
              -77.0033,
              -11.98576
            ],
            [
              -77.00314,
              -11.98582
            ],
            [
              -77.00302,
              -11.98587
            ],
            [
              -77.00291,
              -11.98591
            ],
            [
              -77.00287,
              -11.98592
            ],
            [
              -77.00284,
              -11.98593
            ],
            [
              -77.00279,
              -11.98594
            ],
            [
              -77.00275,
              -11.98596
            ],
            [
              -77.00267,
              -11.98599
            ],
            [
              -77.0026,
              -11.98602
            ],
            [
              -77.00255,
              -11.98604
            ],
            [
              -77.0025,
              -11.98606
            ],
            [
              -77.00243,
              -11.98609
            ],
            [
              -77.00238,
              -11.98611
            ],
            [
              -77.00232,
              -11.98614
            ],
            [
              -77.00228,
              -11.98615
            ],
            [
              -77.00222,
              -11.98617
            ],
            [
              -77.00215,
              -11.98621
            ],
            [
              -77.00212,
              -11.98622
            ],
            [
              -77.00208,
              -11.98624
            ],
            [
              -77.00205,
              -11.98625
            ],
            [
              -77.00203,
              -11.98625
            ],
            [
              -77.002,
              -11.98627
            ],
            [
              -77.00196,
              -11.98628
            ],
            [
              -77.00192,
              -11.9863
            ],
            [
              -77.00188,
              -11.98631
            ],
            [
              -77.00179,
              -11.98633
            ],
            [
              -77.0016,
              -11.98631
            ],
            [
              -77.00145,
              -11.98636
            ],
            [
              -77.00136,
              -11.98638
            ],
            [
              -77.00129,
              -11.98638
            ],
            [
              -77.00123,
              -11.98636
            ],
            [
              -77.00122,
              -11.98636
            ],
            [
              -77.00117,
              -11.98633
            ],
            [
              -77.00114,
              -11.98631
            ],
            [
              -77.00111,
              -11.98629
            ],
            [
              -77.00104,
              -11.98626
            ],
            [
              -77.00103,
              -11.98625
            ],
            [
              -77.0009,
              -11.98619
            ],
            [
              -77.00082,
              -11.98615
            ],
            [
              -77.00077,
              -11.98615
            ],
            [
              -77.00073,
              -11.98615
            ],
            [
              -77.00068,
              -11.98616
            ],
            [
              -77.00064,
              -11.98616
            ],
            [
              -77.00062,
              -11.98617
            ],
            [
              -77.00059,
              -11.98618
            ],
            [
              -77.00055,
              -11.98621
            ],
            [
              -77.0005,
              -11.98624
            ],
            [
              -77.00043,
              -11.98627
            ],
            [
              -77.00039,
              -11.98629
            ],
            [
              -77.00031,
              -11.98633
            ],
            [
              -77.00023,
              -11.98637
            ],
            [
              -77.00015,
              -11.98641
            ],
            [
              -77.00004,
              -11.98648
            ],
            [
              -76.99997,
              -11.98649
            ],
            [
              -76.9998,
              -11.9866
            ],
            [
              -76.99963,
              -11.9867
            ],
            [
              -76.99954,
              -11.98675
            ],
            [
              -76.99934,
              -11.98687
            ],
            [
              -76.99932,
              -11.98689
            ],
            [
              -76.99923,
              -11.98702
            ],
            [
              -76.99921,
              -11.98705
            ],
            [
              -76.999,
              -11.98742
            ],
            [
              -76.99876,
              -11.98786
            ],
            [
              -76.99857,
              -11.98818
            ],
            [
              -76.99834,
              -11.98858
            ],
            [
              -76.99839,
              -11.98872
            ],
            [
              -76.99841,
              -11.98878
            ],
            [
              -76.9985,
              -11.98891
            ],
            [
              -76.99859,
              -11.98904
            ],
            [
              -76.9987,
              -11.9892
            ],
            [
              -76.99879,
              -11.98932
            ],
            [
              -76.99908,
              -11.98965
            ],
            [
              -76.99939,
              -11.98996
            ],
            [
              -76.99946,
              -11.99005
            ],
            [
              -76.99949,
              -11.99011
            ],
            [
              -76.99959,
              -11.9903
            ],
            [
              -76.9996,
              -11.99038
            ],
            [
              -76.99961,
              -11.99047
            ],
            [
              -76.99965,
              -11.9906
            ],
            [
              -76.99967,
              -11.99071
            ],
            [
              -76.9997,
              -11.99085
            ],
            [
              -76.99974,
              -11.99098
            ],
            [
              -76.99975,
              -11.99137
            ],
            [
              -76.99993,
              -11.99188
            ],
            [
              -76.99817,
              -11.99247
            ],
            [
              -76.99793,
              -11.99364
            ],
            [
              -76.99753,
              -11.99401
            ],
            [
              -76.99737,
              -11.99402
            ],
            [
              -76.9972,
              -11.99402
            ],
            [
              -76.99708,
              -11.99403
            ],
            [
              -76.99691,
              -11.99403
            ],
            [
              -76.99672,
              -11.99405
            ],
            [
              -76.99661,
              -11.99405
            ],
            [
              -76.99655,
              -11.99403
            ],
            [
              -76.99649,
              -11.99399
            ],
            [
              -76.99638,
              -11.99392
            ],
            [
              -76.99616,
              -11.99377
            ],
            [
              -76.99603,
              -11.99367
            ],
            [
              -76.99548,
              -11.99331
            ],
            [
              -76.99532,
              -11.99319
            ],
            [
              -76.99517,
              -11.9931
            ],
            [
              -76.99501,
              -11.99299
            ],
            [
              -76.99476,
              -11.99284
            ],
            [
              -76.99472,
              -11.99281
            ],
            [
              -76.99468,
              -11.99277
            ],
            [
              -76.99458,
              -11.99271
            ],
            [
              -76.9944,
              -11.99257
            ],
            [
              -76.99437,
              -11.99256
            ],
            [
              -76.99436,
              -11.99257
            ],
            [
              -76.99433,
              -11.99258
            ],
            [
              -76.99431,
              -11.9926
            ],
            [
              -76.99427,
              -11.99262
            ],
            [
              -76.99425,
              -11.99263
            ],
            [
              -76.99423,
              -11.99263
            ],
            [
              -76.99416,
              -11.99265
            ],
            [
              -76.99409,
              -11.99267
            ],
            [
              -76.99403,
              -11.9927
            ],
            [
              -76.99395,
              -11.99274
            ],
            [
              -76.99388,
              -11.99279
            ],
            [
              -76.99383,
              -11.99284
            ],
            [
              -76.99377,
              -11.9929
            ],
            [
              -76.99351,
              -11.993
            ],
            [
              -76.99333,
              -11.99313
            ],
            [
              -76.99317,
              -11.9932
            ],
            [
              -76.99301,
              -11.99325
            ],
            [
              -76.99289,
              -11.99328
            ],
            [
              -76.99276,
              -11.99331
            ],
            [
              -76.99251,
              -11.99334
            ],
            [
              -76.99228,
              -11.99348
            ],
            [
              -76.99205,
              -11.99353
            ],
            [
              -76.99172,
              -11.9936
            ],
            [
              -76.99136,
              -11.9937
            ],
            [
              -76.99097,
              -11.9938
            ],
            [
              -76.99068,
              -11.99383
            ],
            [
              -76.99042,
              -11.99386
            ],
            [
              -76.99009,
              -11.99388
            ],
            [
              -76.98977,
              -11.99405
            ],
            [
              -76.98932,
              -11.99424
            ],
            [
              -76.98889,
              -11.99444
            ],
            [
              -76.98883,
              -11.99479
            ],
            [
              -76.98875,
              -11.99502
            ],
            [
              -76.98845,
              -11.99535
            ],
            [
              -76.98821,
              -11.99553
            ],
            [
              -76.98805,
              -11.99565
            ],
            [
              -76.98761,
              -11.99569
            ],
            [
              -76.98754,
              -11.99569
            ],
            [
              -76.98746,
              -11.99569
            ],
            [
              -76.98737,
              -11.99569
            ],
            [
              -76.98725,
              -11.9957
            ],
            [
              -76.98701,
              -11.99573
            ],
            [
              -76.98699,
              -11.99573
            ],
            [
              -76.98689,
              -11.99571
            ],
            [
              -76.98682,
              -11.99567
            ],
            [
              -76.98669,
              -11.99565
            ],
            [
              -76.98647,
              -11.99564
            ],
            [
              -76.98621,
              -11.99563
            ],
            [
              -76.98598,
              -11.99567
            ],
            [
              -76.98576,
              -11.99563
            ],
            [
              -76.98558,
              -11.99565
            ],
            [
              -76.98536,
              -11.99571
            ],
            [
              -76.9852,
              -11.99569
            ],
            [
              -76.98508,
              -11.99565
            ],
            [
              -76.98494,
              -11.99562
            ],
            [
              -76.98475,
              -11.9956
            ],
            [
              -76.98468,
              -11.9956
            ],
            [
              -76.98435,
              -11.99562
            ],
            [
              -76.98423,
              -11.99562
            ],
            [
              -76.98406,
              -11.99555
            ],
            [
              -76.98392,
              -11.99551
            ],
            [
              -76.98376,
              -11.99546
            ],
            [
              -76.98368,
              -11.99544
            ],
            [
              -76.9834,
              -11.99543
            ],
            [
              -76.98298,
              -11.99534
            ],
            [
              -76.98286,
              -11.99529
            ],
            [
              -76.98257,
              -11.99527
            ],
            [
              -76.98232,
              -11.99527
            ],
            [
              -76.98213,
              -11.99518
            ],
            [
              -76.98184,
              -11.99511
            ],
            [
              -76.9815,
              -11.99506
            ],
            [
              -76.98105,
              -11.99499
            ],
            [
              -76.98061,
              -11.99486
            ],
            [
              -76.98022,
              -11.99495
            ],
            [
              -76.98006,
              -11.99504
            ],
            [
              -76.97978,
              -11.99512
            ],
            [
              -76.97965,
              -11.99516
            ],
            [
              -76.97953,
              -11.99517
            ],
            [
              -76.9794,
              -11.99519
            ],
            [
              -76.97914,
              -11.99528
            ],
            [
              -76.97846,
              -11.99549
            ],
            [
              -76.9782,
              -11.99555
            ],
            [
              -76.97791,
              -11.99558
            ],
            [
              -76.97768,
              -11.99554
            ],
            [
              -76.97744,
              -11.99551
            ],
            [
              -76.97723,
              -11.99547
            ],
            [
              -76.97709,
              -11.99544
            ],
            [
              -76.9765,
              -11.9953
            ],
            [
              -76.97596,
              -11.9953
            ],
            [
              -76.97582,
              -11.99531
            ],
            [
              -76.97523,
              -11.99534
            ],
            [
              -76.97479,
              -11.99534
            ],
            [
              -76.97447,
              -11.9954
            ],
            [
              -76.97397,
              -11.99543
            ],
            [
              -76.97323,
              -11.99547
            ],
            [
              -76.9727,
              -11.99553
            ],
            [
              -76.97212,
              -11.99595
            ],
            [
              -76.97209,
              -11.99593
            ],
            [
              -76.97192,
              -11.99578
            ],
            [
              -76.97172,
              -11.99565
            ],
            [
              -76.97161,
              -11.99558
            ],
            [
              -76.97148,
              -11.99553
            ],
            [
              -76.97058,
              -11.99497
            ],
            [
              -76.97032,
              -11.99483
            ],
            [
              -76.97026,
              -11.99479
            ],
            [
              -76.97016,
              -11.99464
            ],
            [
              -76.97002,
              -11.99444
            ],
            [
              -76.96971,
              -11.99428
            ],
            [
              -76.96959,
              -11.99419
            ],
            [
              -76.96945,
              -11.99409
            ],
            [
              -76.96934,
              -11.99403
            ],
            [
              -76.96924,
              -11.99405
            ],
            [
              -76.96914,
              -11.99407
            ],
            [
              -76.96899,
              -11.99411
            ],
            [
              -76.96881,
              -11.99409
            ],
            [
              -76.96875,
              -11.99405
            ],
            [
              -76.96866,
              -11.99399
            ],
            [
              -76.96859,
              -11.99392
            ],
            [
              -76.96849,
              -11.9938
            ],
            [
              -76.96835,
              -11.99364
            ],
            [
              -76.96824,
              -11.99361
            ],
            [
              -76.96698,
              -11.99253
            ],
            [
              -76.96648,
              -11.99133
            ],
            [
              -76.96594,
              -11.99064
            ],
            [
              -76.96582,
              -11.99029
            ],
            [
              -76.96533,
              -11.98906
            ],
            [
              -76.96382,
              -11.9878
            ],
            [
              -76.96365,
              -11.98723
            ],
            [
              -76.96376,
              -11.98629
            ],
            [
              -76.9632,
              -11.98573
            ],
            [
              -76.96314,
              -11.98552
            ],
            [
              -76.96296,
              -11.98494
            ],
            [
              -76.96262,
              -11.98425
            ],
            [
              -76.96236,
              -11.98375
            ],
            [
              -76.9617,
              -11.98279
            ],
            [
              -76.96083,
              -11.98149
            ],
            [
              -76.96021,
              -11.98056
            ],
            [
              -76.95955,
              -11.97959
            ],
            [
              -76.95913,
              -11.97895
            ],
            [
              -76.95876,
              -11.97813
            ],
            [
              -76.95836,
              -11.9773
            ],
            [
              -76.95801,
              -11.97657
            ],
            [
              -76.95791,
              -11.97638
            ],
            [
              -76.95777,
              -11.97605
            ],
            [
              -76.95763,
              -11.9758
            ],
            [
              -76.95755,
              -11.97568
            ],
            [
              -76.95707,
              -11.9749
            ],
            [
              -76.95695,
              -11.9747
            ],
            [
              -76.95681,
              -11.9745
            ],
            [
              -76.95638,
              -11.97393
            ],
            [
              -76.95554,
              -11.97284
            ],
            [
              -76.9551,
              -11.97224
            ],
            [
              -76.95496,
              -11.97207
            ],
            [
              -76.95471,
              -11.97175
            ],
            [
              -76.9544,
              -11.97114
            ],
            [
              -76.95428,
              -11.97093
            ],
            [
              -76.95374,
              -11.96989
            ],
            [
              -76.95354,
              -11.96952
            ],
            [
              -76.95345,
              -11.96931
            ],
            [
              -76.9531,
              -11.96839
            ],
            [
              -76.95258,
              -11.96706
            ],
            [
              -76.9519,
              -11.96531
            ],
            [
              -76.95141,
              -11.96405
            ],
            [
              -76.95105,
              -11.9631
            ],
            [
              -76.95083,
              -11.96255
            ],
            [
              -76.9507,
              -11.96164
            ],
            [
              -76.95065,
              -11.96135
            ],
            [
              -76.95052,
              -11.96042
            ],
            [
              -76.95046,
              -11.95986
            ],
            [
              -76.95039,
              -11.95905
            ],
            [
              -76.95029,
              -11.95816
            ],
            [
              -76.95028,
              -11.95797
            ],
            [
              -76.95021,
              -11.95723
            ],
            [
              -76.95014,
              -11.95661
            ],
            [
              -76.95011,
              -11.9562
            ],
            [
              -76.95005,
              -11.95576
            ],
            [
              -76.95004,
              -11.95552
            ],
            [
              -76.95004,
              -11.95534
            ],
            [
              -76.95005,
              -11.95523
            ],
            [
              -76.95008,
              -11.95492
            ],
            [
              -76.95016,
              -11.95391
            ],
            [
              -76.95017,
              -11.9539
            ],
            [
              -76.95023,
              -11.95386
            ],
            [
              -76.95036,
              -11.95379
            ],
            [
              -76.95043,
              -11.95375
            ],
            [
              -76.95051,
              -11.95371
            ],
            [
              -76.95066,
              -11.95364
            ],
            [
              -76.95087,
              -11.95354
            ],
            [
              -76.95119,
              -11.95338
            ],
            [
              -76.9513,
              -11.95331
            ],
            [
              -76.95154,
              -11.95316
            ],
            [
              -76.95176,
              -11.953
            ],
            [
              -76.9518,
              -11.95298
            ],
            [
              -76.9521,
              -11.95284
            ],
            [
              -76.95218,
              -11.95279
            ],
            [
              -76.95248,
              -11.95263
            ],
            [
              -76.95272,
              -11.95251
            ],
            [
              -76.95291,
              -11.95239
            ],
            [
              -76.95311,
              -11.95229
            ],
            [
              -76.95327,
              -11.95222
            ],
            [
              -76.95333,
              -11.95218
            ],
            [
              -76.95337,
              -11.95215
            ],
            [
              -76.95349,
              -11.95206
            ],
            [
              -76.95351,
              -11.95206
            ],
            [
              -76.95358,
              -11.95202
            ],
            [
              -76.95361,
              -11.95204
            ],
            [
              -76.95371,
              -11.95211
            ],
            [
              -76.95381,
              -11.95212
            ],
            [
              -76.95398,
              -11.95212
            ],
            [
              -76.95422,
              -11.95209
            ],
            [
              -76.9543,
              -11.95211
            ],
            [
              -76.95443,
              -11.95214
            ],
            [
              -76.95467,
              -11.95222
            ],
            [
              -76.95481,
              -11.95224
            ],
            [
              -76.95484,
              -11.95225
            ],
            [
              -76.95487,
              -11.95226
            ],
            [
              -76.955,
              -11.95229
            ],
            [
              -76.95502,
              -11.9523
            ],
            [
              -76.95507,
              -11.95232
            ],
            [
              -76.95514,
              -11.95235
            ],
            [
              -76.95526,
              -11.95236
            ],
            [
              -76.95537,
              -11.95239
            ],
            [
              -76.95544,
              -11.95241
            ],
            [
              -76.9555,
              -11.95242
            ],
            [
              -76.95561,
              -11.95245
            ],
            [
              -76.95566,
              -11.95246
            ],
            [
              -76.95573,
              -11.95248
            ],
            [
              -76.95576,
              -11.95249
            ],
            [
              -76.95582,
              -11.95251
            ],
            [
              -76.95587,
              -11.95253
            ],
            [
              -76.95592,
              -11.95254
            ],
            [
              -76.95595,
              -11.95256
            ],
            [
              -76.956,
              -11.95257
            ],
            [
              -76.95604,
              -11.95258
            ],
            [
              -76.95611,
              -11.95261
            ],
            [
              -76.95616,
              -11.95261
            ],
            [
              -76.95623,
              -11.9526
            ],
            [
              -76.9563,
              -11.95259
            ],
            [
              -76.95638,
              -11.95258
            ],
            [
              -76.95645,
              -11.95257
            ],
            [
              -76.95656,
              -11.95255
            ],
            [
              -76.95662,
              -11.95255
            ],
            [
              -76.95675,
              -11.95253
            ],
            [
              -76.9568,
              -11.95254
            ],
            [
              -76.95692,
              -11.95255
            ],
            [
              -76.95715,
              -11.95256
            ],
            [
              -76.95728,
              -11.95255
            ],
            [
              -76.95745,
              -11.95255
            ],
            [
              -76.9576,
              -11.95256
            ],
            [
              -76.95769,
              -11.95256
            ],
            [
              -76.95777,
              -11.95257
            ],
            [
              -76.95789,
              -11.95259
            ],
            [
              -76.95792,
              -11.95261
            ],
            [
              -76.95804,
              -11.95266
            ],
            [
              -76.95822,
              -11.95273
            ],
            [
              -76.95831,
              -11.95275
            ],
            [
              -76.95837,
              -11.95277
            ],
            [
              -76.95842,
              -11.95279
            ],
            [
              -76.95868,
              -11.95288
            ],
            [
              -76.95879,
              -11.9529
            ],
            [
              -76.9589,
              -11.95294
            ],
            [
              -76.95902,
              -11.95298
            ],
            [
              -76.95922,
              -11.95303
            ],
            [
              -76.95947,
              -11.95304
            ],
            [
              -76.95973,
              -11.95301
            ],
            [
              -76.95993,
              -11.953
            ],
            [
              -76.96001,
              -11.95302
            ],
            [
              -76.96012,
              -11.95305
            ],
            [
              -76.96016,
              -11.95307
            ],
            [
              -76.9604,
              -11.95316
            ],
            [
              -76.96047,
              -11.95322
            ],
            [
              -76.96057,
              -11.95329
            ],
            [
              -76.96067,
              -11.95339
            ],
            [
              -76.96075,
              -11.95344
            ],
            [
              -76.96082,
              -11.95348
            ],
            [
              -76.9609,
              -11.95351
            ],
            [
              -76.96105,
              -11.95356
            ],
            [
              -76.96118,
              -11.95358
            ],
            [
              -76.96128,
              -11.95363
            ],
            [
              -76.96149,
              -11.95375
            ],
            [
              -76.96156,
              -11.9538
            ],
            [
              -76.96172,
              -11.95391
            ],
            [
              -76.96182,
              -11.95394
            ],
            [
              -76.9619,
              -11.95397
            ],
            [
              -76.96198,
              -11.95398
            ],
            [
              -76.96214,
              -11.95397
            ],
            [
              -76.96246,
              -11.95398
            ],
            [
              -76.96252,
              -11.95398
            ],
            [
              -76.96258,
              -11.95397
            ],
            [
              -76.96268,
              -11.954
            ],
            [
              -76.96281,
              -11.95404
            ],
            [
              -76.96292,
              -11.95409
            ],
            [
              -76.96308,
              -11.95415
            ],
            [
              -76.96321,
              -11.95421
            ],
            [
              -76.9634,
              -11.95426
            ],
            [
              -76.96353,
              -11.95426
            ],
            [
              -76.96369,
              -11.95425
            ],
            [
              -76.96389,
              -11.95426
            ],
            [
              -76.96397,
              -11.95424
            ],
            [
              -76.96405,
              -11.95423
            ],
            [
              -76.96412,
              -11.95426
            ],
            [
              -76.96422,
              -11.95427
            ],
            [
              -76.9643,
              -11.95427
            ],
            [
              -76.96437,
              -11.95429
            ],
            [
              -76.96448,
              -11.95432
            ],
            [
              -76.96454,
              -11.95435
            ],
            [
              -76.96464,
              -11.95444
            ],
            [
              -76.96475,
              -11.95454
            ],
            [
              -76.96489,
              -11.95469
            ],
            [
              -76.96497,
              -11.95478
            ],
            [
              -76.96517,
              -11.95484
            ],
            [
              -76.96536,
              -11.9549
            ],
            [
              -76.96556,
              -11.95493
            ],
            [
              -76.96574,
              -11.95497
            ],
            [
              -76.96619,
              -11.95506
            ],
            [
              -76.9664,
              -11.95511
            ],
            [
              -76.96655,
              -11.95514
            ],
            [
              -76.96673,
              -11.95519
            ],
            [
              -76.96691,
              -11.95527
            ],
            [
              -76.96707,
              -11.95535
            ],
            [
              -76.96725,
              -11.95545
            ],
            [
              -76.9673,
              -11.95546
            ],
            [
              -76.96735,
              -11.95548
            ],
            [
              -76.9674,
              -11.9555
            ],
            [
              -76.9675,
              -11.95553
            ],
            [
              -76.96757,
              -11.95554
            ],
            [
              -76.96763,
              -11.95552
            ],
            [
              -76.96773,
              -11.95548
            ],
            [
              -76.96778,
              -11.95547
            ],
            [
              -76.96786,
              -11.95545
            ],
            [
              -76.96831,
              -11.95532
            ],
            [
              -76.96844,
              -11.95528
            ],
            [
              -76.96851,
              -11.95527
            ],
            [
              -76.96855,
              -11.95527
            ],
            [
              -76.9686,
              -11.95528
            ],
            [
              -76.9689,
              -11.95536
            ],
            [
              -76.96901,
              -11.95538
            ],
            [
              -76.96908,
              -11.95541
            ],
            [
              -76.96918,
              -11.95544
            ],
            [
              -76.96932,
              -11.95548
            ],
            [
              -76.96948,
              -11.95552
            ],
            [
              -76.9698,
              -11.95561
            ],
            [
              -76.96994,
              -11.95567
            ],
            [
              -76.97004,
              -11.95566
            ],
            [
              -76.97016,
              -11.95565
            ],
            [
              -76.97028,
              -11.95563
            ],
            [
              -76.9705,
              -11.95558
            ],
            [
              -76.97097,
              -11.95549
            ],
            [
              -76.97104,
              -11.95551
            ],
            [
              -76.9711,
              -11.95552
            ],
            [
              -76.97114,
              -11.95554
            ],
            [
              -76.97128,
              -11.95558
            ],
            [
              -76.97138,
              -11.95561
            ],
            [
              -76.97147,
              -11.95563
            ],
            [
              -76.97156,
              -11.95566
            ],
            [
              -76.97174,
              -11.9557
            ],
            [
              -76.97192,
              -11.95575
            ],
            [
              -76.97201,
              -11.95577
            ],
            [
              -76.97214,
              -11.95583
            ],
            [
              -76.97227,
              -11.95586
            ],
            [
              -76.97237,
              -11.9559
            ],
            [
              -76.97246,
              -11.95591
            ],
            [
              -76.97257,
              -11.95593
            ],
            [
              -76.9727,
              -11.95594
            ],
            [
              -76.97282,
              -11.95596
            ],
            [
              -76.97288,
              -11.95596
            ],
            [
              -76.97302,
              -11.95589
            ],
            [
              -76.97322,
              -11.95582
            ],
            [
              -76.97339,
              -11.95579
            ],
            [
              -76.9736,
              -11.95579
            ],
            [
              -76.97382,
              -11.95581
            ],
            [
              -76.97397,
              -11.95584
            ],
            [
              -76.97428,
              -11.9559
            ],
            [
              -76.97449,
              -11.9559
            ],
            [
              -76.97465,
              -11.95587
            ],
            [
              -76.97472,
              -11.95587
            ],
            [
              -76.97498,
              -11.95584
            ],
            [
              -76.9754,
              -11.9558
            ],
            [
              -76.97561,
              -11.95576
            ],
            [
              -76.97579,
              -11.95574
            ],
            [
              -76.97594,
              -11.95576
            ],
            [
              -76.97602,
              -11.95574
            ],
            [
              -76.97631,
              -11.95566
            ],
            [
              -76.97641,
              -11.95563
            ],
            [
              -76.97659,
              -11.9556
            ],
            [
              -76.97668,
              -11.95561
            ],
            [
              -76.97858,
              -11.95842
            ],
            [
              -76.98141,
              -11.96245
            ],
            [
              -76.98167,
              -11.96231
            ],
            [
              -76.9839,
              -11.96083
            ],
            [
              -76.98482,
              -11.96022
            ],
            [
              -76.98689,
              -11.95881
            ],
            [
              -76.9883,
              -11.96086
            ],
            [
              -76.9883,
              -11.96086
            ]
          ]
        ]
      }
    },
    {
      "type": "Feature",
      "properties": {
        "id": "deee8aea-ef6e-458e-8583-fd2d0e71ec30",
        "name": "Huayrona",
        "description": " La Huayrona es una urbanización residencial ubicada en el distrito de San Juan de Lurigancho, Lima, destacada por su comunidad activa y su cercanía a servicios esenciales como el Centro de Salud y la Comisaría PNP La Huayrona.",
        "color": "#fb251b",
        "createdAt": "2025-06-11T17:13:24.225Z",
        "updatedAt": "2025-06-11T17:13:24.225Z",
        "zoneId": null,
        "userId": "c0b1d5b9-11c6-4150-9342-46d3142eab82"
      },
      "geometry": {
        "type": "Polygon",
        "coordinates": [
          [
            [
              -77.02043,
              -12.0177
            ],
            [
              -77.02022,
              -12.01761
            ],
            [
              -77.02004,
              -12.01735
            ],
            [
              -77.01981,
              -12.01704
            ],
            [
              -77.01955,
              -12.01669
            ],
            [
              -77.0192,
              -12.01621
            ],
            [
              -77.01876,
              -12.0156
            ],
            [
              -77.01832,
              -12.015
            ],
            [
              -77.0178,
              -12.01429
            ],
            [
              -77.01719,
              -12.01346
            ],
            [
              -77.01643,
              -12.01242
            ],
            [
              -77.01648,
              -12.01217
            ],
            [
              -77.01629,
              -12.01175
            ],
            [
              -77.01604,
              -12.01155
            ],
            [
              -77.01577,
              -12.01146
            ],
            [
              -77.01564,
              -12.01147
            ],
            [
              -77.01552,
              -12.0114
            ],
            [
              -77.01538,
              -12.01157
            ],
            [
              -77.01443,
              -12.01085
            ],
            [
              -77.01455,
              -12.01064
            ],
            [
              -77.01466,
              -12.01048
            ],
            [
              -77.01475,
              -12.01039
            ],
            [
              -77.01485,
              -12.01032
            ],
            [
              -77.01493,
              -12.01028
            ],
            [
              -77.01502,
              -12.01027
            ],
            [
              -77.01517,
              -12.01028
            ],
            [
              -77.01528,
              -12.0103
            ],
            [
              -77.01534,
              -12.01029
            ],
            [
              -77.01549,
              -12.01025
            ],
            [
              -77.01566,
              -12.01018
            ],
            [
              -77.01577,
              -12.01014
            ],
            [
              -77.01593,
              -12.00998
            ],
            [
              -77.01556,
              -12.00961
            ],
            [
              -77.01583,
              -12.00932
            ],
            [
              -77.01588,
              -12.00925
            ],
            [
              -77.01594,
              -12.00919
            ],
            [
              -77.01481,
              -12.00884
            ],
            [
              -77.011,
              -12.00765
            ],
            [
              -77.0109,
              -12.0079
            ],
            [
              -77.01053,
              -12.00795
            ],
            [
              -77.01009,
              -12.00788
            ],
            [
              -77.00901,
              -12.0074
            ],
            [
              -77.00598,
              -12.006
            ],
            [
              -77.00262,
              -12.01121
            ],
            [
              -77.00242,
              -12.01156
            ],
            [
              -77.00227,
              -12.01191
            ],
            [
              -77.0021,
              -12.01248
            ],
            [
              -77.00205,
              -12.01285
            ],
            [
              -77.00201,
              -12.01315
            ],
            [
              -77.00186,
              -12.01318
            ],
            [
              -77.00155,
              -12.01313
            ],
            [
              -77.00112,
              -12.01304
            ],
            [
              -77.00077,
              -12.01287
            ],
            [
              -77.00056,
              -12.01272
            ],
            [
              -76.99978,
              -12.0122
            ],
            [
              -76.99853,
              -12.01136
            ],
            [
              -76.99702,
              -12.01078
            ],
            [
              -76.997,
              -12.01044
            ],
            [
              -76.99694,
              -12.01005
            ],
            [
              -76.99658,
              -12.01022
            ],
            [
              -76.9965,
              -12.0101
            ],
            [
              -76.99638,
              -12.00999
            ],
            [
              -76.99585,
              -12.00978
            ],
            [
              -76.99581,
              -12.00977
            ],
            [
              -76.99575,
              -12.00979
            ],
            [
              -76.99563,
              -12.00984
            ],
            [
              -76.99556,
              -12.00986
            ],
            [
              -76.9955,
              -12.00987
            ],
            [
              -76.99546,
              -12.00986
            ],
            [
              -76.99541,
              -12.00984
            ],
            [
              -76.99536,
              -12.00983
            ],
            [
              -76.99526,
              -12.00977
            ],
            [
              -76.99515,
              -12.00972
            ],
            [
              -76.995,
              -12.00969
            ],
            [
              -76.99483,
              -12.00972
            ],
            [
              -76.99472,
              -12.00974
            ],
            [
              -76.99466,
              -12.00973
            ],
            [
              -76.9946,
              -12.00972
            ],
            [
              -76.99456,
              -12.0097
            ],
            [
              -76.99449,
              -12.00959
            ],
            [
              -76.99447,
              -12.00955
            ],
            [
              -76.99439,
              -12.00966
            ],
            [
              -76.99427,
              -12.00988
            ],
            [
              -76.99411,
              -12.01013
            ],
            [
              -76.99356,
              -12.00995
            ],
            [
              -76.99344,
              -12.01019
            ],
            [
              -76.99337,
              -12.01022
            ],
            [
              -76.99328,
              -12.01029
            ],
            [
              -76.99319,
              -12.01044
            ],
            [
              -76.99306,
              -12.01051
            ],
            [
              -76.99289,
              -12.01052
            ],
            [
              -76.99252,
              -12.0106
            ],
            [
              -76.99195,
              -12.01046
            ],
            [
              -76.99177,
              -12.01044
            ],
            [
              -76.99148,
              -12.01052
            ],
            [
              -76.99132,
              -12.01062
            ],
            [
              -76.99125,
              -12.01073
            ],
            [
              -76.99106,
              -12.01085
            ],
            [
              -76.99083,
              -12.01105
            ],
            [
              -76.99063,
              -12.01111
            ],
            [
              -76.99033,
              -12.01113
            ],
            [
              -76.98987,
              -12.01106
            ],
            [
              -76.98965,
              -12.01108
            ],
            [
              -76.9895,
              -12.01114
            ],
            [
              -76.98916,
              -12.01141
            ],
            [
              -76.98901,
              -12.01149
            ],
            [
              -76.9887,
              -12.01098
            ],
            [
              -76.98855,
              -12.01062
            ],
            [
              -76.98832,
              -12.0103
            ],
            [
              -76.98813,
              -12.01008
            ],
            [
              -76.98788,
              -12.00991
            ],
            [
              -76.98763,
              -12.00981
            ],
            [
              -76.98733,
              -12.00963
            ],
            [
              -76.98714,
              -12.00953
            ],
            [
              -76.98695,
              -12.00944
            ],
            [
              -76.98667,
              -12.00915
            ],
            [
              -76.98653,
              -12.00905
            ],
            [
              -76.98644,
              -12.00871
            ],
            [
              -76.9864,
              -12.00848
            ],
            [
              -76.98626,
              -12.00801
            ],
            [
              -76.98608,
              -12.00763
            ],
            [
              -76.98592,
              -12.0074
            ],
            [
              -76.98566,
              -12.00695
            ],
            [
              -76.98556,
              -12.00665
            ],
            [
              -76.98529,
              -12.00623
            ],
            [
              -76.98498,
              -12.00596
            ],
            [
              -76.9843,
              -12.00557
            ],
            [
              -76.98385,
              -12.00503
            ],
            [
              -76.98374,
              -12.00474
            ],
            [
              -76.98363,
              -12.00435
            ],
            [
              -76.98353,
              -12.00407
            ],
            [
              -76.98343,
              -12.00382
            ],
            [
              -76.98334,
              -12.00365
            ],
            [
              -76.98308,
              -12.00332
            ],
            [
              -76.98291,
              -12.00309
            ],
            [
              -76.9828,
              -12.00293
            ],
            [
              -76.9826,
              -12.00274
            ],
            [
              -76.98218,
              -12.00246
            ],
            [
              -76.9818,
              -12.00229
            ],
            [
              -76.98147,
              -12.00211
            ],
            [
              -76.98113,
              -12.0021
            ],
            [
              -76.98087,
              -12.00207
            ],
            [
              -76.98067,
              -12.00201
            ],
            [
              -76.97976,
              -12.00133
            ],
            [
              -76.97964,
              -12.00123
            ],
            [
              -76.97909,
              -12.00103
            ],
            [
              -76.97835,
              -12.00084
            ],
            [
              -76.97716,
              -12.00042
            ],
            [
              -76.9765,
              -12.00013
            ],
            [
              -76.97564,
              -11.99964
            ],
            [
              -76.97456,
              -11.99887
            ],
            [
              -76.97414,
              -11.99857
            ],
            [
              -76.9737,
              -11.99809
            ],
            [
              -76.97356,
              -11.99786
            ],
            [
              -76.97337,
              -11.99765
            ],
            [
              -76.97296,
              -11.99724
            ],
            [
              -76.97261,
              -11.99676
            ],
            [
              -76.97249,
              -11.9966
            ],
            [
              -76.97213,
              -11.99596
            ],
            [
              -76.97211,
              -11.99595
            ],
            [
              -76.97271,
              -11.99553
            ],
            [
              -76.97335,
              -11.99547
            ],
            [
              -76.97424,
              -11.99542
            ],
            [
              -76.97449,
              -11.9954
            ],
            [
              -76.97479,
              -11.99535
            ],
            [
              -76.97554,
              -11.99532
            ],
            [
              -76.97598,
              -11.9953
            ],
            [
              -76.97651,
              -11.9953
            ],
            [
              -76.9772,
              -11.99546
            ],
            [
              -76.97791,
              -11.99558
            ],
            [
              -76.9782,
              -11.99555
            ],
            [
              -76.97847,
              -11.99548
            ],
            [
              -76.97884,
              -11.99536
            ],
            [
              -76.97924,
              -11.99524
            ],
            [
              -76.9794,
              -11.99519
            ],
            [
              -76.97955,
              -11.99517
            ],
            [
              -76.97966,
              -11.99515
            ],
            [
              -76.98006,
              -11.99504
            ],
            [
              -76.98022,
              -11.99496
            ],
            [
              -76.98061,
              -11.99486
            ],
            [
              -76.98105,
              -11.99499
            ],
            [
              -76.98172,
              -11.99509
            ],
            [
              -76.98182,
              -11.9951
            ],
            [
              -76.98213,
              -11.99518
            ],
            [
              -76.98232,
              -11.99527
            ],
            [
              -76.98255,
              -11.99527
            ],
            [
              -76.98286,
              -11.99529
            ],
            [
              -76.98299,
              -11.99534
            ],
            [
              -76.9834,
              -11.99543
            ],
            [
              -76.98368,
              -11.99544
            ],
            [
              -76.98389,
              -11.99549
            ],
            [
              -76.98423,
              -11.99562
            ],
            [
              -76.98475,
              -11.99559
            ],
            [
              -76.98494,
              -11.99562
            ],
            [
              -76.98508,
              -11.99565
            ],
            [
              -76.9852,
              -11.99569
            ],
            [
              -76.98536,
              -11.99571
            ],
            [
              -76.98557,
              -11.99566
            ],
            [
              -76.98576,
              -11.99563
            ],
            [
              -76.98599,
              -11.99567
            ],
            [
              -76.98621,
              -11.99562
            ],
            [
              -76.98647,
              -11.99563
            ],
            [
              -76.98669,
              -11.99565
            ],
            [
              -76.98678,
              -11.99566
            ],
            [
              -76.98682,
              -11.99567
            ],
            [
              -76.9869,
              -11.99571
            ],
            [
              -76.987,
              -11.99573
            ],
            [
              -76.98737,
              -11.99569
            ],
            [
              -76.98756,
              -11.99569
            ],
            [
              -76.98776,
              -11.99568
            ],
            [
              -76.98805,
              -11.99565
            ],
            [
              -76.98807,
              -11.99564
            ],
            [
              -76.98813,
              -11.99559
            ],
            [
              -76.98819,
              -11.99554
            ],
            [
              -76.98822,
              -11.99552
            ],
            [
              -76.98827,
              -11.99548
            ],
            [
              -76.98831,
              -11.99545
            ],
            [
              -76.98834,
              -11.99543
            ],
            [
              -76.98846,
              -11.99535
            ],
            [
              -76.98875,
              -11.99502
            ],
            [
              -76.98883,
              -11.99478
            ],
            [
              -76.98889,
              -11.99443
            ],
            [
              -76.98985,
              -11.99401
            ],
            [
              -76.99009,
              -11.99388
            ],
            [
              -76.99039,
              -11.99386
            ],
            [
              -76.99097,
              -11.9938
            ],
            [
              -76.99117,
              -11.99375
            ],
            [
              -76.99143,
              -11.99368
            ],
            [
              -76.99169,
              -11.99361
            ],
            [
              -76.99228,
              -11.99348
            ],
            [
              -76.99251,
              -11.99335
            ],
            [
              -76.99278,
              -11.9933
            ],
            [
              -76.99301,
              -11.99325
            ],
            [
              -76.99313,
              -11.99321
            ],
            [
              -76.99333,
              -11.99313
            ],
            [
              -76.99351,
              -11.993
            ],
            [
              -76.99377,
              -11.9929
            ],
            [
              -76.99383,
              -11.99284
            ],
            [
              -76.99395,
              -11.99274
            ],
            [
              -76.99409,
              -11.99267
            ],
            [
              -76.99425,
              -11.99263
            ],
            [
              -76.99433,
              -11.99258
            ],
            [
              -76.99438,
              -11.99256
            ],
            [
              -76.99475,
              -11.99283
            ],
            [
              -76.99501,
              -11.99299
            ],
            [
              -76.99529,
              -11.99318
            ],
            [
              -76.99577,
              -11.9935
            ],
            [
              -76.99655,
              -11.99403
            ],
            [
              -76.99662,
              -11.99405
            ],
            [
              -76.99691,
              -11.99402
            ],
            [
              -76.99753,
              -11.99401
            ],
            [
              -76.99793,
              -11.99365
            ],
            [
              -76.99795,
              -11.99353
            ],
            [
              -76.99817,
              -11.9925
            ],
            [
              -76.99817,
              -11.99246
            ],
            [
              -76.99992,
              -11.99188
            ],
            [
              -76.99993,
              -11.99188
            ],
            [
              -76.99975,
              -11.99136
            ],
            [
              -76.99973,
              -11.99098
            ],
            [
              -76.99959,
              -11.99031
            ],
            [
              -76.99952,
              -11.99015
            ],
            [
              -76.99946,
              -11.99004
            ],
            [
              -76.99935,
              -11.98992
            ],
            [
              -76.99907,
              -11.98964
            ],
            [
              -76.99885,
              -11.98939
            ],
            [
              -76.99872,
              -11.98922
            ],
            [
              -76.99859,
              -11.98904
            ],
            [
              -76.9984,
              -11.98878
            ],
            [
              -76.99834,
              -11.98858
            ],
            [
              -76.99878,
              -11.98783
            ],
            [
              -76.99899,
              -11.98743
            ],
            [
              -76.99923,
              -11.98702
            ],
            [
              -76.99933,
              -11.98688
            ],
            [
              -76.99979,
              -11.9866
            ],
            [
              -76.99997,
              -11.98649
            ],
            [
              -77.00062,
              -11.98617
            ],
            [
              -77.00073,
              -11.98615
            ],
            [
              -77.00082,
              -11.98615
            ],
            [
              -77.00103,
              -11.98626
            ],
            [
              -77.00114,
              -11.98631
            ],
            [
              -77.00123,
              -11.98637
            ],
            [
              -77.00137,
              -11.98638
            ],
            [
              -77.0016,
              -11.98631
            ],
            [
              -77.00179,
              -11.98633
            ],
            [
              -77.00188,
              -11.98631
            ],
            [
              -77.00207,
              -11.98624
            ],
            [
              -77.00243,
              -11.98609
            ],
            [
              -77.00259,
              -11.98602
            ],
            [
              -77.00274,
              -11.98597
            ],
            [
              -77.00291,
              -11.98591
            ],
            [
              -77.00304,
              -11.98586
            ],
            [
              -77.00323,
              -11.98579
            ],
            [
              -77.00355,
              -11.98567
            ],
            [
              -77.00361,
              -11.98565
            ],
            [
              -77.00399,
              -11.98554
            ],
            [
              -77.00423,
              -11.98548
            ],
            [
              -77.00447,
              -11.98543
            ],
            [
              -77.00467,
              -11.98538
            ],
            [
              -77.00502,
              -11.98529
            ],
            [
              -77.00553,
              -11.98517
            ],
            [
              -77.00598,
              -11.98505
            ],
            [
              -77.00635,
              -11.98496
            ],
            [
              -77.00671,
              -11.98485
            ],
            [
              -77.00682,
              -11.98517
            ],
            [
              -77.00685,
              -11.98527
            ],
            [
              -77.00692,
              -11.98548
            ],
            [
              -77.00697,
              -11.98563
            ],
            [
              -77.00703,
              -11.98573
            ],
            [
              -77.0072,
              -11.98607
            ],
            [
              -77.00741,
              -11.98635
            ],
            [
              -77.00753,
              -11.9865
            ],
            [
              -77.0077,
              -11.98665
            ],
            [
              -77.00791,
              -11.98684
            ],
            [
              -77.00809,
              -11.987
            ],
            [
              -77.0083,
              -11.98721
            ],
            [
              -77.00851,
              -11.98741
            ],
            [
              -77.00854,
              -11.98744
            ],
            [
              -77.0086,
              -11.98749
            ],
            [
              -77.00871,
              -11.98759
            ],
            [
              -77.00892,
              -11.98776
            ],
            [
              -77.00912,
              -11.98793
            ],
            [
              -77.0093,
              -11.98807
            ],
            [
              -77.00941,
              -11.98818
            ],
            [
              -77.00951,
              -11.98828
            ],
            [
              -77.00964,
              -11.9884
            ],
            [
              -77.00983,
              -11.98857
            ],
            [
              -77.00999,
              -11.98874
            ],
            [
              -77.01014,
              -11.98894
            ],
            [
              -77.01022,
              -11.98905
            ],
            [
              -77.01036,
              -11.98925
            ],
            [
              -77.01046,
              -11.98939
            ],
            [
              -77.01049,
              -11.98943
            ],
            [
              -77.01053,
              -11.98949
            ],
            [
              -77.01072,
              -11.98946
            ],
            [
              -77.01085,
              -11.98944
            ],
            [
              -77.01087,
              -11.98943
            ],
            [
              -77.01096,
              -11.9894
            ],
            [
              -77.01107,
              -11.98937
            ],
            [
              -77.01119,
              -11.98935
            ],
            [
              -77.01135,
              -11.98937
            ],
            [
              -77.01163,
              -11.98941
            ],
            [
              -77.0119,
              -11.98946
            ],
            [
              -77.01236,
              -11.98955
            ],
            [
              -77.01277,
              -11.98962
            ],
            [
              -77.01316,
              -11.98969
            ],
            [
              -77.0135,
              -11.98975
            ],
            [
              -77.01382,
              -11.98981
            ],
            [
              -77.01416,
              -11.98987
            ],
            [
              -77.01453,
              -11.98994
            ],
            [
              -77.01489,
              -11.99001
            ],
            [
              -77.01518,
              -11.99007
            ],
            [
              -77.01529,
              -11.99008
            ],
            [
              -77.01525,
              -11.99033
            ],
            [
              -77.0152,
              -11.99066
            ],
            [
              -77.01514,
              -11.99102
            ],
            [
              -77.01508,
              -11.99137
            ],
            [
              -77.01503,
              -11.99167
            ],
            [
              -77.015,
              -11.9918
            ],
            [
              -77.015,
              -11.99182
            ],
            [
              -77.015,
              -11.99193
            ],
            [
              -77.01501,
              -11.992
            ],
            [
              -77.01502,
              -11.99204
            ],
            [
              -77.01505,
              -11.99224
            ],
            [
              -77.01506,
              -11.9923
            ],
            [
              -77.01507,
              -11.99239
            ],
            [
              -77.0151,
              -11.99249
            ],
            [
              -77.01512,
              -11.99253
            ],
            [
              -77.01514,
              -11.9926
            ],
            [
              -77.01514,
              -11.99263
            ],
            [
              -77.01515,
              -11.99271
            ],
            [
              -77.01516,
              -11.99278
            ],
            [
              -77.01519,
              -11.99295
            ],
            [
              -77.01519,
              -11.99299
            ],
            [
              -77.01519,
              -11.99305
            ],
            [
              -77.01518,
              -11.99319
            ],
            [
              -77.01518,
              -11.99327
            ],
            [
              -77.01516,
              -11.99359
            ],
            [
              -77.01515,
              -11.99377
            ],
            [
              -77.01513,
              -11.99401
            ],
            [
              -77.01512,
              -11.99424
            ],
            [
              -77.01512,
              -11.99438
            ],
            [
              -77.01511,
              -11.9945
            ],
            [
              -77.01511,
              -11.9947
            ],
            [
              -77.0151,
              -11.99496
            ],
            [
              -77.0151,
              -11.995
            ],
            [
              -77.01509,
              -11.99523
            ],
            [
              -77.01508,
              -11.99546
            ],
            [
              -77.01508,
              -11.99561
            ],
            [
              -77.01509,
              -11.99565
            ],
            [
              -77.0151,
              -11.99573
            ],
            [
              -77.01513,
              -11.99576
            ],
            [
              -77.01529,
              -11.9959
            ],
            [
              -77.01537,
              -11.9961
            ],
            [
              -77.01542,
              -11.99625
            ],
            [
              -77.01549,
              -11.99643
            ],
            [
              -77.01558,
              -11.99668
            ],
            [
              -77.01571,
              -11.99698
            ],
            [
              -77.01583,
              -11.99725
            ],
            [
              -77.01595,
              -11.99752
            ],
            [
              -77.01603,
              -11.99766
            ],
            [
              -77.01605,
              -11.99776
            ],
            [
              -77.01606,
              -11.99787
            ],
            [
              -77.01605,
              -11.99817
            ],
            [
              -77.01605,
              -11.9984
            ],
            [
              -77.01605,
              -11.99864
            ],
            [
              -77.01604,
              -11.99902
            ],
            [
              -77.01603,
              -11.99919
            ],
            [
              -77.01602,
              -11.99927
            ],
            [
              -77.01602,
              -11.99931
            ],
            [
              -77.01602,
              -11.99933
            ],
            [
              -77.01602,
              -11.99951
            ],
            [
              -77.01602,
              -11.99955
            ],
            [
              -77.01602,
              -11.99958
            ],
            [
              -77.01602,
              -11.99961
            ],
            [
              -77.01602,
              -11.99963
            ],
            [
              -77.01631,
              -11.99965
            ],
            [
              -77.01646,
              -11.99967
            ],
            [
              -77.01656,
              -11.99964
            ],
            [
              -77.01669,
              -11.99957
            ],
            [
              -77.01681,
              -11.99954
            ],
            [
              -77.01687,
              -11.99955
            ],
            [
              -77.01693,
              -11.99955
            ],
            [
              -77.01706,
              -11.99949
            ],
            [
              -77.01721,
              -11.99945
            ],
            [
              -77.01731,
              -11.99961
            ],
            [
              -77.01791,
              -11.99933
            ],
            [
              -77.01802,
              -11.99935
            ],
            [
              -77.01815,
              -11.99931
            ],
            [
              -77.01821,
              -11.99929
            ],
            [
              -77.01827,
              -11.99928
            ],
            [
              -77.01839,
              -11.99924
            ],
            [
              -77.01845,
              -11.99922
            ],
            [
              -77.01858,
              -11.99915
            ],
            [
              -77.01864,
              -11.99912
            ],
            [
              -77.01869,
              -11.99911
            ],
            [
              -77.01874,
              -11.99908
            ],
            [
              -77.01885,
              -11.99903
            ],
            [
              -77.01895,
              -11.99897
            ],
            [
              -77.01905,
              -11.99893
            ],
            [
              -77.01907,
              -11.99893
            ],
            [
              -77.0191,
              -11.99897
            ],
            [
              -77.0191,
              -11.99904
            ],
            [
              -77.01911,
              -11.99912
            ],
            [
              -77.01909,
              -11.99921
            ],
            [
              -77.01908,
              -11.99928
            ],
            [
              -77.01908,
              -11.99934
            ],
            [
              -77.01908,
              -11.99942
            ],
            [
              -77.01913,
              -11.99952
            ],
            [
              -77.01915,
              -11.99956
            ],
            [
              -77.01919,
              -11.99959
            ],
            [
              -77.01924,
              -11.99959
            ],
            [
              -77.01929,
              -11.99955
            ],
            [
              -77.01934,
              -11.9995
            ],
            [
              -77.01941,
              -11.99949
            ],
            [
              -77.01962,
              -11.9995
            ],
            [
              -77.01978,
              -11.99951
            ],
            [
              -77.01988,
              -11.99953
            ],
            [
              -77.01995,
              -11.99953
            ],
            [
              -77.02005,
              -11.99957
            ],
            [
              -77.02018,
              -11.99962
            ],
            [
              -77.02023,
              -11.99965
            ],
            [
              -77.02028,
              -11.99968
            ],
            [
              -77.02036,
              -11.99975
            ],
            [
              -77.02051,
              -11.99991
            ],
            [
              -77.02057,
              -11.99997
            ],
            [
              -77.02071,
              -12.00006
            ],
            [
              -77.02079,
              -12.00016
            ],
            [
              -77.02086,
              -12.00024
            ],
            [
              -77.02096,
              -12.00029
            ],
            [
              -77.021,
              -12.00031
            ],
            [
              -77.02107,
              -12.00031
            ],
            [
              -77.02117,
              -12.00035
            ],
            [
              -77.02129,
              -12.00039
            ],
            [
              -77.02153,
              -12.00047
            ],
            [
              -77.02173,
              -12.00061
            ],
            [
              -77.02183,
              -12.00067
            ],
            [
              -77.02204,
              -12.00075
            ],
            [
              -77.02222,
              -12.00082
            ],
            [
              -77.02247,
              -12.00086
            ],
            [
              -77.02288,
              -12.00094
            ],
            [
              -77.02317,
              -12.00093
            ],
            [
              -77.02351,
              -12.00092
            ],
            [
              -77.02384,
              -12.00086
            ],
            [
              -77.02415,
              -12.00081
            ],
            [
              -77.02439,
              -12.00078
            ],
            [
              -77.02479,
              -12.00074
            ],
            [
              -77.02489,
              -12.00073
            ],
            [
              -77.02531,
              -12.00074
            ],
            [
              -77.02574,
              -12.00074
            ],
            [
              -77.02595,
              -12.00077
            ],
            [
              -77.02618,
              -12.00081
            ],
            [
              -77.02636,
              -12.0009
            ],
            [
              -77.02662,
              -12.00103
            ],
            [
              -77.02698,
              -12.00111
            ],
            [
              -77.02731,
              -12.00119
            ],
            [
              -77.02741,
              -12.0012
            ],
            [
              -77.02771,
              -12.00114
            ],
            [
              -77.02784,
              -12.00111
            ],
            [
              -77.02789,
              -12.0011
            ],
            [
              -77.02804,
              -12.00108
            ],
            [
              -77.02816,
              -12.00115
            ],
            [
              -77.02832,
              -12.00126
            ],
            [
              -77.0284,
              -12.00141
            ],
            [
              -77.02847,
              -12.00155
            ],
            [
              -77.02847,
              -12.00178
            ],
            [
              -77.02847,
              -12.00192
            ],
            [
              -77.02846,
              -12.00199
            ],
            [
              -77.02844,
              -12.00206
            ],
            [
              -77.0284,
              -12.00226
            ],
            [
              -77.02835,
              -12.00247
            ],
            [
              -77.0282,
              -12.00263
            ],
            [
              -77.028,
              -12.00286
            ],
            [
              -77.02775,
              -12.00314
            ],
            [
              -77.02761,
              -12.00339
            ],
            [
              -77.02748,
              -12.00363
            ],
            [
              -77.02741,
              -12.00377
            ],
            [
              -77.02731,
              -12.00395
            ],
            [
              -77.02726,
              -12.00404
            ],
            [
              -77.02723,
              -12.00409
            ],
            [
              -77.02716,
              -12.00423
            ],
            [
              -77.02702,
              -12.00448
            ],
            [
              -77.02681,
              -12.00472
            ],
            [
              -77.02661,
              -12.00493
            ],
            [
              -77.0263,
              -12.00528
            ],
            [
              -77.02587,
              -12.00534
            ],
            [
              -77.02558,
              -12.00576
            ],
            [
              -77.02555,
              -12.00613
            ],
            [
              -77.02552,
              -12.00633
            ],
            [
              -77.02553,
              -12.00661
            ],
            [
              -77.02553,
              -12.00697
            ],
            [
              -77.02553,
              -12.00726
            ],
            [
              -77.02551,
              -12.00743
            ],
            [
              -77.02547,
              -12.00775
            ],
            [
              -77.02544,
              -12.00809
            ],
            [
              -77.0254,
              -12.00845
            ],
            [
              -77.02536,
              -12.00879
            ],
            [
              -77.02534,
              -12.00901
            ],
            [
              -77.02466,
              -12.00906
            ],
            [
              -77.02429,
              -12.00929
            ],
            [
              -77.02314,
              -12.00949
            ],
            [
              -77.02259,
              -12.00971
            ],
            [
              -77.02225,
              -12.01021
            ],
            [
              -77.0222,
              -12.0107
            ],
            [
              -77.02221,
              -12.01094
            ],
            [
              -77.02221,
              -12.01131
            ],
            [
              -77.02241,
              -12.01176
            ],
            [
              -77.02236,
              -12.01246
            ],
            [
              -77.02232,
              -12.01303
            ],
            [
              -77.02183,
              -12.01369
            ],
            [
              -77.02144,
              -12.01434
            ],
            [
              -77.02094,
              -12.01469
            ],
            [
              -77.02017,
              -12.01562
            ],
            [
              -77.02013,
              -12.01634
            ],
            [
              -77.02034,
              -12.01705
            ],
            [
              -77.02043,
              -12.0177
            ],
            [
              -77.02043,
              -12.0177
            ]
          ]
        ]
      }
    },
    {
      "type": "Feature",
      "properties": {
        "id": "789709c2-4b01-4b5d-9743-0501e9fa642d",
        "name": "Mariscal Caceres",
        "description": "Mariscal Cáceres es una urbanización ubicada en la parte alta de la quebrada Canto Grande en San Juan de Lurigancho, Lima, caracterizada por su desarrollo residencial y comercial",
        "color": "#da72f7",
        "createdAt": "2025-06-11T17:13:24.225Z",
        "updatedAt": "2025-06-11T17:13:24.225Z",
        "zoneId": null,
        "userId": "c0b1d5b9-11c6-4150-9342-46d3142eab82"
      },
      "geometry": {
        "type": "Polygon",
        "coordinates": [
          [
            [
              -76.98687,
              -11.95881
            ],
            [
              -76.9861,
              -11.95935
            ],
            [
              -76.98523,
              -11.95994
            ],
            [
              -76.98498,
              -11.96011
            ],
            [
              -76.9848,
              -11.96024
            ],
            [
              -76.98461,
              -11.96036
            ],
            [
              -76.9845,
              -11.96043
            ],
            [
              -76.98441,
              -11.96049
            ],
            [
              -76.98434,
              -11.96054
            ],
            [
              -76.98418,
              -11.96065
            ],
            [
              -76.98404,
              -11.96073
            ],
            [
              -76.98395,
              -11.9608
            ],
            [
              -76.98386,
              -11.96085
            ],
            [
              -76.98372,
              -11.96095
            ],
            [
              -76.98361,
              -11.96102
            ],
            [
              -76.98346,
              -11.96112
            ],
            [
              -76.98331,
              -11.96121
            ],
            [
              -76.98304,
              -11.9614
            ],
            [
              -76.98295,
              -11.96146
            ],
            [
              -76.98293,
              -11.96147
            ],
            [
              -76.98287,
              -11.96151
            ],
            [
              -76.9828,
              -11.96155
            ],
            [
              -76.98276,
              -11.96158
            ],
            [
              -76.98267,
              -11.96164
            ],
            [
              -76.98259,
              -11.9617
            ],
            [
              -76.98253,
              -11.96173
            ],
            [
              -76.98248,
              -11.96177
            ],
            [
              -76.98243,
              -11.9618
            ],
            [
              -76.98225,
              -11.96192
            ],
            [
              -76.98217,
              -11.96198
            ],
            [
              -76.98205,
              -11.96206
            ],
            [
              -76.98194,
              -11.96213
            ],
            [
              -76.98178,
              -11.96224
            ],
            [
              -76.98173,
              -11.96227
            ],
            [
              -76.98169,
              -11.9623
            ],
            [
              -76.98164,
              -11.96232
            ],
            [
              -76.98161,
              -11.96234
            ],
            [
              -76.98158,
              -11.96236
            ],
            [
              -76.98155,
              -11.96238
            ],
            [
              -76.98153,
              -11.96239
            ],
            [
              -76.98151,
              -11.9624
            ],
            [
              -76.98149,
              -11.96241
            ],
            [
              -76.98144,
              -11.96244
            ],
            [
              -76.98141,
              -11.96245
            ],
            [
              -76.98134,
              -11.96235
            ],
            [
              -76.98129,
              -11.96228
            ],
            [
              -76.9812,
              -11.96215
            ],
            [
              -76.98114,
              -11.96207
            ],
            [
              -76.98105,
              -11.96194
            ],
            [
              -76.98087,
              -11.96169
            ],
            [
              -76.98072,
              -11.96147
            ],
            [
              -76.9805,
              -11.96115
            ],
            [
              -76.98033,
              -11.96092
            ],
            [
              -76.98018,
              -11.9607
            ],
            [
              -76.97995,
              -11.96038
            ],
            [
              -76.97976,
              -11.9601
            ],
            [
              -76.97962,
              -11.9599
            ],
            [
              -76.97947,
              -11.95968
            ],
            [
              -76.97941,
              -11.9596
            ],
            [
              -76.97936,
              -11.95953
            ],
            [
              -76.9793,
              -11.95945
            ],
            [
              -76.9792,
              -11.95931
            ],
            [
              -76.97915,
              -11.95923
            ],
            [
              -76.97913,
              -11.9592
            ],
            [
              -76.97907,
              -11.95912
            ],
            [
              -76.97895,
              -11.95895
            ],
            [
              -76.97826,
              -11.95793
            ],
            [
              -76.97789,
              -11.95741
            ],
            [
              -76.97743,
              -11.95671
            ],
            [
              -76.97684,
              -11.95584
            ],
            [
              -76.97665,
              -11.9556
            ],
            [
              -76.97658,
              -11.9556
            ],
            [
              -76.9765,
              -11.95562
            ],
            [
              -76.97642,
              -11.95563
            ],
            [
              -76.97638,
              -11.95564
            ],
            [
              -76.97632,
              -11.95565
            ],
            [
              -76.97622,
              -11.95569
            ],
            [
              -76.9761,
              -11.95572
            ],
            [
              -76.97602,
              -11.95574
            ],
            [
              -76.97597,
              -11.95575
            ],
            [
              -76.97593,
              -11.95575
            ],
            [
              -76.97586,
              -11.95574
            ],
            [
              -76.97578,
              -11.95573
            ],
            [
              -76.97574,
              -11.95574
            ],
            [
              -76.9757,
              -11.95574
            ],
            [
              -76.97562,
              -11.95575
            ],
            [
              -76.97556,
              -11.95576
            ],
            [
              -76.97551,
              -11.95577
            ],
            [
              -76.97545,
              -11.95578
            ],
            [
              -76.9754,
              -11.95579
            ],
            [
              -76.97536,
              -11.9558
            ],
            [
              -76.97532,
              -11.9558
            ],
            [
              -76.97513,
              -11.95582
            ],
            [
              -76.97491,
              -11.95584
            ],
            [
              -76.97482,
              -11.95585
            ],
            [
              -76.97468,
              -11.95587
            ],
            [
              -76.97458,
              -11.95588
            ],
            [
              -76.97452,
              -11.95589
            ],
            [
              -76.97449,
              -11.9559
            ],
            [
              -76.97443,
              -11.9559
            ],
            [
              -76.97436,
              -11.9559
            ],
            [
              -76.97433,
              -11.9559
            ],
            [
              -76.9743,
              -11.9559
            ],
            [
              -76.97429,
              -11.9559
            ],
            [
              -76.97428,
              -11.9559
            ],
            [
              -76.97425,
              -11.95589
            ],
            [
              -76.97422,
              -11.95589
            ],
            [
              -76.9742,
              -11.95588
            ],
            [
              -76.97417,
              -11.95588
            ],
            [
              -76.97412,
              -11.95587
            ],
            [
              -76.974,
              -11.95584
            ],
            [
              -76.97395,
              -11.95584
            ],
            [
              -76.97392,
              -11.95583
            ],
            [
              -76.97384,
              -11.95582
            ],
            [
              -76.97383,
              -11.95581
            ],
            [
              -76.9738,
              -11.95581
            ],
            [
              -76.97378,
              -11.95581
            ],
            [
              -76.97374,
              -11.9558
            ],
            [
              -76.97369,
              -11.9558
            ],
            [
              -76.97367,
              -11.95579
            ],
            [
              -76.97366,
              -11.95579
            ],
            [
              -76.97363,
              -11.95579
            ],
            [
              -76.97362,
              -11.95579
            ],
            [
              -76.9736,
              -11.95579
            ],
            [
              -76.97359,
              -11.95579
            ],
            [
              -76.97355,
              -11.95579
            ],
            [
              -76.97352,
              -11.95579
            ],
            [
              -76.97349,
              -11.95579
            ],
            [
              -76.97347,
              -11.95579
            ],
            [
              -76.97342,
              -11.95579
            ],
            [
              -76.97338,
              -11.95579
            ],
            [
              -76.97337,
              -11.95579
            ],
            [
              -76.97333,
              -11.9558
            ],
            [
              -76.97329,
              -11.95581
            ],
            [
              -76.97322,
              -11.95582
            ],
            [
              -76.97322,
              -11.95582
            ],
            [
              -76.9732,
              -11.95583
            ],
            [
              -76.97311,
              -11.95586
            ],
            [
              -76.97308,
              -11.95587
            ],
            [
              -76.97302,
              -11.95589
            ],
            [
              -76.973,
              -11.9559
            ],
            [
              -76.97296,
              -11.95592
            ],
            [
              -76.9729,
              -11.95595
            ],
            [
              -76.97288,
              -11.95596
            ],
            [
              -76.97287,
              -11.95596
            ],
            [
              -76.97286,
              -11.95596
            ],
            [
              -76.97284,
              -11.95596
            ],
            [
              -76.97283,
              -11.95596
            ],
            [
              -76.97281,
              -11.95596
            ],
            [
              -76.9728,
              -11.95595
            ],
            [
              -76.97278,
              -11.95595
            ],
            [
              -76.97276,
              -11.95595
            ],
            [
              -76.97273,
              -11.95594
            ],
            [
              -76.97269,
              -11.95594
            ],
            [
              -76.97266,
              -11.95594
            ],
            [
              -76.97262,
              -11.95593
            ],
            [
              -76.9726,
              -11.95593
            ],
            [
              -76.97258,
              -11.95593
            ],
            [
              -76.97257,
              -11.95593
            ],
            [
              -76.97253,
              -11.95592
            ],
            [
              -76.97249,
              -11.95591
            ],
            [
              -76.97246,
              -11.95591
            ],
            [
              -76.97239,
              -11.9559
            ],
            [
              -76.97237,
              -11.9559
            ],
            [
              -76.97236,
              -11.95589
            ],
            [
              -76.97229,
              -11.95587
            ],
            [
              -76.97227,
              -11.95586
            ],
            [
              -76.97226,
              -11.95586
            ],
            [
              -76.97224,
              -11.95585
            ],
            [
              -76.9722,
              -11.95584
            ],
            [
              -76.97219,
              -11.95584
            ],
            [
              -76.97217,
              -11.95584
            ],
            [
              -76.97215,
              -11.95583
            ],
            [
              -76.97214,
              -11.95583
            ],
            [
              -76.9721,
              -11.95581
            ],
            [
              -76.97209,
              -11.95581
            ],
            [
              -76.97206,
              -11.95579
            ],
            [
              -76.97203,
              -11.95578
            ],
            [
              -76.97201,
              -11.95577
            ],
            [
              -76.972,
              -11.95577
            ],
            [
              -76.97196,
              -11.95576
            ],
            [
              -76.97195,
              -11.95575
            ],
            [
              -76.97193,
              -11.95575
            ],
            [
              -76.97192,
              -11.95575
            ],
            [
              -76.97189,
              -11.95574
            ],
            [
              -76.97186,
              -11.95573
            ],
            [
              -76.97185,
              -11.95573
            ],
            [
              -76.97183,
              -11.95572
            ],
            [
              -76.9718,
              -11.95572
            ],
            [
              -76.97178,
              -11.95571
            ],
            [
              -76.97177,
              -11.95571
            ],
            [
              -76.97175,
              -11.9557
            ],
            [
              -76.97173,
              -11.9557
            ],
            [
              -76.97169,
              -11.95569
            ],
            [
              -76.97163,
              -11.95568
            ],
            [
              -76.97161,
              -11.95567
            ],
            [
              -76.97159,
              -11.95567
            ],
            [
              -76.97158,
              -11.95567
            ],
            [
              -76.97157,
              -11.95567
            ],
            [
              -76.97155,
              -11.95566
            ],
            [
              -76.97155,
              -11.95566
            ],
            [
              -76.97153,
              -11.95565
            ],
            [
              -76.97151,
              -11.95565
            ],
            [
              -76.9715,
              -11.95565
            ],
            [
              -76.97149,
              -11.95564
            ],
            [
              -76.97148,
              -11.95564
            ],
            [
              -76.97143,
              -11.95562
            ],
            [
              -76.97142,
              -11.95562
            ],
            [
              -76.9714,
              -11.95562
            ],
            [
              -76.97138,
              -11.95561
            ],
            [
              -76.97136,
              -11.95561
            ],
            [
              -76.97134,
              -11.9556
            ],
            [
              -76.97132,
              -11.95559
            ],
            [
              -76.97131,
              -11.95559
            ],
            [
              -76.9713,
              -11.95559
            ],
            [
              -76.97127,
              -11.95558
            ],
            [
              -76.97126,
              -11.95558
            ],
            [
              -76.97125,
              -11.95557
            ],
            [
              -76.97122,
              -11.95556
            ],
            [
              -76.97121,
              -11.95556
            ],
            [
              -76.97119,
              -11.95555
            ],
            [
              -76.97118,
              -11.95555
            ],
            [
              -76.97118,
              -11.95555
            ],
            [
              -76.97115,
              -11.95554
            ],
            [
              -76.97114,
              -11.95554
            ],
            [
              -76.97114,
              -11.95554
            ],
            [
              -76.97113,
              -11.95553
            ],
            [
              -76.97112,
              -11.95553
            ],
            [
              -76.97111,
              -11.95553
            ],
            [
              -76.97111,
              -11.95552
            ],
            [
              -76.9711,
              -11.95552
            ],
            [
              -76.9711,
              -11.95552
            ],
            [
              -76.97109,
              -11.95552
            ],
            [
              -76.97107,
              -11.95551
            ],
            [
              -76.97106,
              -11.95551
            ],
            [
              -76.97105,
              -11.95551
            ],
            [
              -76.97104,
              -11.9555
            ],
            [
              -76.97102,
              -11.9555
            ],
            [
              -76.97101,
              -11.9555
            ],
            [
              -76.971,
              -11.95549
            ],
            [
              -76.97099,
              -11.95549
            ],
            [
              -76.97097,
              -11.95549
            ],
            [
              -76.97096,
              -11.95549
            ],
            [
              -76.97095,
              -11.95549
            ],
            [
              -76.97094,
              -11.95549
            ],
            [
              -76.97092,
              -11.9555
            ],
            [
              -76.9709,
              -11.9555
            ],
            [
              -76.97089,
              -11.9555
            ],
            [
              -76.97086,
              -11.95551
            ],
            [
              -76.97085,
              -11.95551
            ],
            [
              -76.97083,
              -11.95551
            ],
            [
              -76.97082,
              -11.95552
            ],
            [
              -76.9708,
              -11.95552
            ],
            [
              -76.97076,
              -11.95553
            ],
            [
              -76.97075,
              -11.95553
            ],
            [
              -76.97073,
              -11.95553
            ],
            [
              -76.97071,
              -11.95554
            ],
            [
              -76.9707,
              -11.95554
            ],
            [
              -76.97068,
              -11.95554
            ],
            [
              -76.97066,
              -11.95555
            ],
            [
              -76.97062,
              -11.95555
            ],
            [
              -76.97059,
              -11.95556
            ],
            [
              -76.97056,
              -11.95556
            ],
            [
              -76.97054,
              -11.95557
            ],
            [
              -76.97053,
              -11.95557
            ],
            [
              -76.97052,
              -11.95557
            ],
            [
              -76.97052,
              -11.95557
            ],
            [
              -76.97051,
              -11.95558
            ],
            [
              -76.9705,
              -11.95558
            ],
            [
              -76.97049,
              -11.95558
            ],
            [
              -76.97048,
              -11.95558
            ],
            [
              -76.97047,
              -11.95558
            ],
            [
              -76.97046,
              -11.95559
            ],
            [
              -76.97045,
              -11.95559
            ],
            [
              -76.97044,
              -11.95559
            ],
            [
              -76.97044,
              -11.95559
            ],
            [
              -76.97043,
              -11.95559
            ],
            [
              -76.97042,
              -11.9556
            ],
            [
              -76.97041,
              -11.9556
            ],
            [
              -76.97038,
              -11.9556
            ],
            [
              -76.97037,
              -11.95561
            ],
            [
              -76.97036,
              -11.95561
            ],
            [
              -76.97036,
              -11.95561
            ],
            [
              -76.97034,
              -11.95561
            ],
            [
              -76.97032,
              -11.95562
            ],
            [
              -76.97032,
              -11.95562
            ],
            [
              -76.97031,
              -11.95562
            ],
            [
              -76.9703,
              -11.95562
            ],
            [
              -76.97029,
              -11.95563
            ],
            [
              -76.97028,
              -11.95563
            ],
            [
              -76.97027,
              -11.95563
            ],
            [
              -76.97026,
              -11.95563
            ],
            [
              -76.97025,
              -11.95563
            ],
            [
              -76.97024,
              -11.95564
            ],
            [
              -76.97022,
              -11.95564
            ],
            [
              -76.97021,
              -11.95564
            ],
            [
              -76.9702,
              -11.95564
            ],
            [
              -76.97019,
              -11.95564
            ],
            [
              -76.97017,
              -11.95565
            ],
            [
              -76.97016,
              -11.95565
            ],
            [
              -76.97015,
              -11.95565
            ],
            [
              -76.97014,
              -11.95565
            ],
            [
              -76.97013,
              -11.95565
            ],
            [
              -76.97012,
              -11.95566
            ],
            [
              -76.97011,
              -11.95566
            ],
            [
              -76.9701,
              -11.95566
            ],
            [
              -76.97009,
              -11.95566
            ],
            [
              -76.97008,
              -11.95566
            ],
            [
              -76.97007,
              -11.95566
            ],
            [
              -76.97005,
              -11.95566
            ],
            [
              -76.97005,
              -11.95566
            ],
            [
              -76.97004,
              -11.95566
            ],
            [
              -76.97003,
              -11.95566
            ],
            [
              -76.97001,
              -11.95567
            ],
            [
              -76.97001,
              -11.95567
            ],
            [
              -76.96998,
              -11.95567
            ],
            [
              -76.96994,
              -11.95567
            ],
            [
              -76.96994,
              -11.95567
            ],
            [
              -76.96992,
              -11.95566
            ],
            [
              -76.96988,
              -11.95564
            ],
            [
              -76.96987,
              -11.95564
            ],
            [
              -76.96986,
              -11.95564
            ],
            [
              -76.96986,
              -11.95563
            ],
            [
              -76.96985,
              -11.95563
            ],
            [
              -76.96984,
              -11.95563
            ],
            [
              -76.96982,
              -11.95562
            ],
            [
              -76.96981,
              -11.95562
            ],
            [
              -76.96981,
              -11.95561
            ],
            [
              -76.9698,
              -11.95561
            ],
            [
              -76.96977,
              -11.9556
            ],
            [
              -76.96974,
              -11.9556
            ],
            [
              -76.9697,
              -11.95559
            ],
            [
              -76.96965,
              -11.95557
            ],
            [
              -76.96959,
              -11.95555
            ],
            [
              -76.96954,
              -11.95554
            ],
            [
              -76.96948,
              -11.95552
            ],
            [
              -76.96921,
              -11.95545
            ],
            [
              -76.96913,
              -11.95543
            ],
            [
              -76.96907,
              -11.9554
            ],
            [
              -76.96904,
              -11.95539
            ],
            [
              -76.96901,
              -11.95538
            ],
            [
              -76.96896,
              -11.95537
            ],
            [
              -76.96887,
              -11.95535
            ],
            [
              -76.96879,
              -11.95533
            ],
            [
              -76.96873,
              -11.95531
            ],
            [
              -76.96868,
              -11.9553
            ],
            [
              -76.96861,
              -11.95527
            ],
            [
              -76.96856,
              -11.95527
            ],
            [
              -76.9685,
              -11.95527
            ],
            [
              -76.96836,
              -11.9553
            ],
            [
              -76.96822,
              -11.95534
            ],
            [
              -76.96799,
              -11.95541
            ],
            [
              -76.96788,
              -11.95545
            ],
            [
              -76.96784,
              -11.95546
            ],
            [
              -76.96779,
              -11.95547
            ],
            [
              -76.96776,
              -11.95548
            ],
            [
              -76.96774,
              -11.95548
            ],
            [
              -76.96771,
              -11.95549
            ],
            [
              -76.96764,
              -11.95551
            ],
            [
              -76.9676,
              -11.95553
            ],
            [
              -76.96759,
              -11.95553
            ],
            [
              -76.96757,
              -11.95554
            ],
            [
              -76.96757,
              -11.95554
            ],
            [
              -76.96756,
              -11.95554
            ],
            [
              -76.96755,
              -11.95554
            ],
            [
              -76.96753,
              -11.95554
            ],
            [
              -76.96751,
              -11.95554
            ],
            [
              -76.96748,
              -11.95553
            ],
            [
              -76.96747,
              -11.95552
            ],
            [
              -76.96744,
              -11.95551
            ],
            [
              -76.96741,
              -11.9555
            ],
            [
              -76.96737,
              -11.95549
            ],
            [
              -76.96735,
              -11.95548
            ],
            [
              -76.96734,
              -11.95548
            ],
            [
              -76.96731,
              -11.95546
            ],
            [
              -76.96729,
              -11.95546
            ],
            [
              -76.96727,
              -11.95545
            ],
            [
              -76.96726,
              -11.95545
            ],
            [
              -76.96724,
              -11.95544
            ],
            [
              -76.96712,
              -11.95538
            ],
            [
              -76.96701,
              -11.95532
            ],
            [
              -76.96695,
              -11.95529
            ],
            [
              -76.96691,
              -11.95527
            ],
            [
              -76.96682,
              -11.95523
            ],
            [
              -76.96678,
              -11.95521
            ],
            [
              -76.96676,
              -11.9552
            ],
            [
              -76.96674,
              -11.95519
            ],
            [
              -76.96672,
              -11.95519
            ],
            [
              -76.96664,
              -11.95517
            ],
            [
              -76.96658,
              -11.95515
            ],
            [
              -76.96653,
              -11.95514
            ],
            [
              -76.96649,
              -11.95513
            ],
            [
              -76.96648,
              -11.95513
            ],
            [
              -76.96641,
              -11.95511
            ],
            [
              -76.96629,
              -11.95508
            ],
            [
              -76.96622,
              -11.95507
            ],
            [
              -76.96608,
              -11.95504
            ],
            [
              -76.96605,
              -11.95504
            ],
            [
              -76.96603,
              -11.95503
            ],
            [
              -76.96602,
              -11.95503
            ],
            [
              -76.96599,
              -11.95502
            ],
            [
              -76.96593,
              -11.95501
            ],
            [
              -76.96592,
              -11.95501
            ],
            [
              -76.96589,
              -11.955
            ],
            [
              -76.96586,
              -11.955
            ],
            [
              -76.96579,
              -11.95498
            ],
            [
              -76.96576,
              -11.95498
            ],
            [
              -76.96574,
              -11.95498
            ],
            [
              -76.96573,
              -11.95497
            ],
            [
              -76.96571,
              -11.95497
            ],
            [
              -76.96569,
              -11.95496
            ],
            [
              -76.96567,
              -11.95496
            ],
            [
              -76.96565,
              -11.95495
            ],
            [
              -76.9656,
              -11.95494
            ],
            [
              -76.96558,
              -11.95493
            ],
            [
              -76.96556,
              -11.95493
            ],
            [
              -76.96555,
              -11.95493
            ],
            [
              -76.96552,
              -11.95492
            ],
            [
              -76.9655,
              -11.95492
            ],
            [
              -76.96544,
              -11.95491
            ],
            [
              -76.96542,
              -11.95491
            ],
            [
              -76.9654,
              -11.9549
            ],
            [
              -76.96539,
              -11.9549
            ],
            [
              -76.96538,
              -11.9549
            ],
            [
              -76.96536,
              -11.9549
            ],
            [
              -76.96536,
              -11.9549
            ],
            [
              -76.96534,
              -11.95489
            ],
            [
              -76.96531,
              -11.95489
            ],
            [
              -76.9653,
              -11.95488
            ],
            [
              -76.96528,
              -11.95488
            ],
            [
              -76.96525,
              -11.95487
            ],
            [
              -76.96523,
              -11.95486
            ],
            [
              -76.96521,
              -11.95485
            ],
            [
              -76.96519,
              -11.95485
            ],
            [
              -76.96513,
              -11.95483
            ],
            [
              -76.96506,
              -11.95481
            ],
            [
              -76.96502,
              -11.95479
            ],
            [
              -76.96499,
              -11.95478
            ],
            [
              -76.96497,
              -11.95478
            ],
            [
              -76.96497,
              -11.95478
            ],
            [
              -76.96495,
              -11.95476
            ],
            [
              -76.96493,
              -11.95473
            ],
            [
              -76.96492,
              -11.95472
            ],
            [
              -76.9649,
              -11.9547
            ],
            [
              -76.96489,
              -11.95469
            ],
            [
              -76.96484,
              -11.95463
            ],
            [
              -76.96482,
              -11.95461
            ],
            [
              -76.96476,
              -11.95455
            ],
            [
              -76.96471,
              -11.95451
            ],
            [
              -76.96468,
              -11.95448
            ],
            [
              -76.96462,
              -11.95443
            ],
            [
              -76.96457,
              -11.95438
            ],
            [
              -76.96449,
              -11.95432
            ],
            [
              -76.96448,
              -11.95431
            ],
            [
              -76.96442,
              -11.9543
            ],
            [
              -76.96439,
              -11.9543
            ],
            [
              -76.96436,
              -11.95429
            ],
            [
              -76.96434,
              -11.95428
            ],
            [
              -76.96431,
              -11.95427
            ],
            [
              -76.96429,
              -11.95427
            ],
            [
              -76.96425,
              -11.95427
            ],
            [
              -76.96423,
              -11.95427
            ],
            [
              -76.9642,
              -11.95427
            ],
            [
              -76.96412,
              -11.95426
            ],
            [
              -76.96405,
              -11.95423
            ],
            [
              -76.964,
              -11.95424
            ],
            [
              -76.9639,
              -11.95426
            ],
            [
              -76.96388,
              -11.95426
            ],
            [
              -76.96386,
              -11.95425
            ],
            [
              -76.96383,
              -11.95425
            ],
            [
              -76.96381,
              -11.95425
            ],
            [
              -76.96379,
              -11.95425
            ],
            [
              -76.96376,
              -11.95425
            ],
            [
              -76.96373,
              -11.95425
            ],
            [
              -76.96369,
              -11.95425
            ],
            [
              -76.96367,
              -11.95425
            ],
            [
              -76.96365,
              -11.95425
            ],
            [
              -76.96363,
              -11.95425
            ],
            [
              -76.96362,
              -11.95425
            ],
            [
              -76.96358,
              -11.95426
            ],
            [
              -76.96356,
              -11.95426
            ],
            [
              -76.96355,
              -11.95426
            ],
            [
              -76.96355,
              -11.95426
            ],
            [
              -76.96354,
              -11.95426
            ],
            [
              -76.96353,
              -11.95426
            ],
            [
              -76.96351,
              -11.95426
            ],
            [
              -76.96349,
              -11.95426
            ],
            [
              -76.96348,
              -11.95426
            ],
            [
              -76.96346,
              -11.95426
            ],
            [
              -76.96344,
              -11.95426
            ],
            [
              -76.96343,
              -11.95426
            ],
            [
              -76.96342,
              -11.95426
            ],
            [
              -76.96341,
              -11.95426
            ],
            [
              -76.9634,
              -11.95425
            ],
            [
              -76.96332,
              -11.95424
            ],
            [
              -76.96328,
              -11.95423
            ],
            [
              -76.96322,
              -11.95421
            ],
            [
              -76.9631,
              -11.95416
            ],
            [
              -76.96307,
              -11.95415
            ],
            [
              -76.96305,
              -11.95414
            ],
            [
              -76.96303,
              -11.95413
            ],
            [
              -76.96302,
              -11.95412
            ],
            [
              -76.96301,
              -11.95412
            ],
            [
              -76.963,
              -11.95412
            ],
            [
              -76.96299,
              -11.95411
            ],
            [
              -76.96298,
              -11.95411
            ],
            [
              -76.96297,
              -11.95411
            ],
            [
              -76.96296,
              -11.9541
            ],
            [
              -76.96294,
              -11.9541
            ],
            [
              -76.96293,
              -11.95409
            ],
            [
              -76.96292,
              -11.95409
            ],
            [
              -76.96291,
              -11.95408
            ],
            [
              -76.9629,
              -11.95408
            ],
            [
              -76.96289,
              -11.95407
            ],
            [
              -76.96288,
              -11.95407
            ],
            [
              -76.96288,
              -11.95407
            ],
            [
              -76.96286,
              -11.95406
            ],
            [
              -76.96285,
              -11.95406
            ],
            [
              -76.96284,
              -11.95406
            ],
            [
              -76.96275,
              -11.95403
            ],
            [
              -76.96269,
              -11.95401
            ],
            [
              -76.96267,
              -11.954
            ],
            [
              -76.96266,
              -11.95399
            ],
            [
              -76.96265,
              -11.95399
            ],
            [
              -76.96263,
              -11.95399
            ],
            [
              -76.96261,
              -11.95398
            ],
            [
              -76.96259,
              -11.95397
            ],
            [
              -76.96258,
              -11.95397
            ],
            [
              -76.96256,
              -11.95398
            ],
            [
              -76.96252,
              -11.95398
            ],
            [
              -76.96249,
              -11.95392
            ],
            [
              -76.96245,
              -11.95382
            ],
            [
              -76.96243,
              -11.95377
            ],
            [
              -76.96238,
              -11.95367
            ],
            [
              -76.96232,
              -11.95354
            ],
            [
              -76.9624,
              -11.95346
            ],
            [
              -76.96258,
              -11.95331
            ],
            [
              -76.96273,
              -11.95317
            ],
            [
              -76.96288,
              -11.95305
            ],
            [
              -76.96301,
              -11.95294
            ],
            [
              -76.96314,
              -11.95283
            ],
            [
              -76.96331,
              -11.95268
            ],
            [
              -76.96349,
              -11.95253
            ],
            [
              -76.96373,
              -11.95232
            ],
            [
              -76.96385,
              -11.95222
            ],
            [
              -76.96395,
              -11.95213
            ],
            [
              -76.96409,
              -11.95202
            ],
            [
              -76.96425,
              -11.95189
            ],
            [
              -76.96441,
              -11.95176
            ],
            [
              -76.96449,
              -11.9517
            ],
            [
              -76.96464,
              -11.95158
            ],
            [
              -76.96464,
              -11.95158
            ],
            [
              -76.96482,
              -11.95144
            ],
            [
              -76.96508,
              -11.95122
            ],
            [
              -76.96531,
              -11.95104
            ],
            [
              -76.96551,
              -11.95088
            ],
            [
              -76.9657,
              -11.95072
            ],
            [
              -76.9659,
              -11.95056
            ],
            [
              -76.96606,
              -11.95044
            ],
            [
              -76.96619,
              -11.95033
            ],
            [
              -76.96637,
              -11.95019
            ],
            [
              -76.96652,
              -11.95007
            ],
            [
              -76.96668,
              -11.94992
            ],
            [
              -76.96689,
              -11.94972
            ],
            [
              -76.96711,
              -11.94951
            ],
            [
              -76.96729,
              -11.94933
            ],
            [
              -76.96751,
              -11.94912
            ],
            [
              -76.9675,
              -11.94912
            ],
            [
              -76.96775,
              -11.94889
            ],
            [
              -76.96799,
              -11.94865
            ],
            [
              -76.96822,
              -11.94844
            ],
            [
              -76.96844,
              -11.94822
            ],
            [
              -76.96867,
              -11.94801
            ],
            [
              -76.96887,
              -11.94782
            ],
            [
              -76.96904,
              -11.94765
            ],
            [
              -76.96883,
              -11.94768
            ],
            [
              -76.9686,
              -11.94772
            ],
            [
              -76.96821,
              -11.94779
            ],
            [
              -76.96778,
              -11.94786
            ],
            [
              -76.96749,
              -11.94791
            ],
            [
              -76.96712,
              -11.94798
            ],
            [
              -76.96686,
              -11.94803
            ],
            [
              -76.9665,
              -11.94809
            ],
            [
              -76.96636,
              -11.94811
            ],
            [
              -76.96596,
              -11.94818
            ],
            [
              -76.96577,
              -11.94821
            ],
            [
              -76.9657,
              -11.94788
            ],
            [
              -76.96563,
              -11.94753
            ],
            [
              -76.96557,
              -11.94724
            ],
            [
              -76.9655,
              -11.94685
            ],
            [
              -76.96542,
              -11.94647
            ],
            [
              -76.96543,
              -11.94606
            ],
            [
              -76.96544,
              -11.94564
            ],
            [
              -76.96509,
              -11.94545
            ],
            [
              -76.96473,
              -11.94526
            ],
            [
              -76.9644,
              -11.94508
            ],
            [
              -76.96388,
              -11.94516
            ],
            [
              -76.96325,
              -11.94526
            ],
            [
              -76.96266,
              -11.94535
            ],
            [
              -76.962,
              -11.94546
            ],
            [
              -76.96137,
              -11.94556
            ],
            [
              -76.96121,
              -11.94558
            ],
            [
              -76.96111,
              -11.94528
            ],
            [
              -76.96094,
              -11.94475
            ],
            [
              -76.96077,
              -11.94421
            ],
            [
              -76.96062,
              -11.94375
            ],
            [
              -76.96048,
              -11.94329
            ],
            [
              -76.96031,
              -11.94277
            ],
            [
              -76.96023,
              -11.94253
            ],
            [
              -76.96018,
              -11.94237
            ],
            [
              -76.96008,
              -11.94201
            ],
            [
              -76.95994,
              -11.94152
            ],
            [
              -76.95977,
              -11.94096
            ],
            [
              -76.95961,
              -11.9404
            ],
            [
              -76.95954,
              -11.94016
            ],
            [
              -76.95946,
              -11.93988
            ],
            [
              -76.95941,
              -11.9397
            ],
            [
              -76.95965,
              -11.93939
            ],
            [
              -76.95987,
              -11.93912
            ],
            [
              -76.96013,
              -11.93879
            ],
            [
              -76.96041,
              -11.93845
            ],
            [
              -76.96066,
              -11.93815
            ],
            [
              -76.96097,
              -11.93775
            ],
            [
              -76.96125,
              -11.93741
            ],
            [
              -76.9615,
              -11.93709
            ],
            [
              -76.96173,
              -11.93695
            ],
            [
              -76.96188,
              -11.93685
            ],
            [
              -76.96222,
              -11.93663
            ],
            [
              -76.96255,
              -11.93641
            ],
            [
              -76.9628,
              -11.93625
            ],
            [
              -76.96309,
              -11.93607
            ],
            [
              -76.96335,
              -11.9359
            ],
            [
              -76.96346,
              -11.93583
            ],
            [
              -76.96364,
              -11.93571
            ],
            [
              -76.96371,
              -11.93567
            ],
            [
              -76.96373,
              -11.93565
            ],
            [
              -76.9638,
              -11.9356
            ],
            [
              -76.96386,
              -11.93555
            ],
            [
              -76.96397,
              -11.93547
            ],
            [
              -76.96401,
              -11.93544
            ],
            [
              -76.96413,
              -11.93535
            ],
            [
              -76.96418,
              -11.93531
            ],
            [
              -76.96428,
              -11.93524
            ],
            [
              -76.96445,
              -11.93511
            ],
            [
              -76.96454,
              -11.93505
            ],
            [
              -76.96473,
              -11.93491
            ],
            [
              -76.9648,
              -11.93485
            ],
            [
              -76.96503,
              -11.93468
            ],
            [
              -76.96548,
              -11.93435
            ],
            [
              -76.96608,
              -11.93391
            ],
            [
              -76.96647,
              -11.93362
            ],
            [
              -76.96685,
              -11.93334
            ],
            [
              -76.96728,
              -11.93301
            ],
            [
              -76.96776,
              -11.93266
            ],
            [
              -76.96786,
              -11.93259
            ],
            [
              -76.968,
              -11.9325
            ],
            [
              -76.96809,
              -11.93244
            ],
            [
              -76.96831,
              -11.9323
            ],
            [
              -76.9689,
              -11.93321
            ],
            [
              -76.96899,
              -11.93336
            ],
            [
              -76.96941,
              -11.93398
            ],
            [
              -76.9696,
              -11.93425
            ],
            [
              -76.96981,
              -11.93454
            ],
            [
              -76.97027,
              -11.93523
            ],
            [
              -76.97069,
              -11.93583
            ],
            [
              -76.97113,
              -11.93643
            ],
            [
              -76.97149,
              -11.93694
            ],
            [
              -76.97187,
              -11.93753
            ],
            [
              -76.97222,
              -11.93803
            ],
            [
              -76.97253,
              -11.93846
            ],
            [
              -76.97268,
              -11.93866
            ],
            [
              -76.97273,
              -11.93871
            ],
            [
              -76.97277,
              -11.93874
            ],
            [
              -76.97279,
              -11.93876
            ],
            [
              -76.97283,
              -11.93878
            ],
            [
              -76.97286,
              -11.93879
            ],
            [
              -76.97299,
              -11.93882
            ],
            [
              -76.97309,
              -11.93882
            ],
            [
              -76.97315,
              -11.93881
            ],
            [
              -76.9732,
              -11.93879
            ],
            [
              -76.97335,
              -11.93874
            ],
            [
              -76.97354,
              -11.93868
            ],
            [
              -76.9736,
              -11.93866
            ],
            [
              -76.9737,
              -11.93863
            ],
            [
              -76.97377,
              -11.9386
            ],
            [
              -76.97388,
              -11.93856
            ],
            [
              -76.97399,
              -11.93852
            ],
            [
              -76.97411,
              -11.93848
            ],
            [
              -76.97416,
              -11.93846
            ],
            [
              -76.97427,
              -11.93843
            ],
            [
              -76.97437,
              -11.93839
            ],
            [
              -76.97445,
              -11.93837
            ],
            [
              -76.97448,
              -11.93836
            ],
            [
              -76.97457,
              -11.93835
            ],
            [
              -76.97463,
              -11.93833
            ],
            [
              -76.97467,
              -11.93832
            ],
            [
              -76.97471,
              -11.93832
            ],
            [
              -76.97474,
              -11.93833
            ],
            [
              -76.97478,
              -11.93833
            ],
            [
              -76.97483,
              -11.93833
            ],
            [
              -76.97486,
              -11.93834
            ],
            [
              -76.97493,
              -11.93835
            ],
            [
              -76.975,
              -11.93836
            ],
            [
              -76.97502,
              -11.93836
            ],
            [
              -76.97507,
              -11.93838
            ],
            [
              -76.97513,
              -11.93839
            ],
            [
              -76.97527,
              -11.93843
            ],
            [
              -76.97536,
              -11.93846
            ],
            [
              -76.97552,
              -11.93851
            ],
            [
              -76.97664,
              -11.93883
            ],
            [
              -76.97684,
              -11.93889
            ],
            [
              -76.97712,
              -11.93896
            ],
            [
              -76.97737,
              -11.93904
            ],
            [
              -76.97794,
              -11.93921
            ],
            [
              -76.97831,
              -11.93931
            ],
            [
              -76.97869,
              -11.93943
            ],
            [
              -76.97886,
              -11.93947
            ],
            [
              -76.97902,
              -11.93955
            ],
            [
              -76.97915,
              -11.93962
            ],
            [
              -76.9793,
              -11.93969
            ],
            [
              -76.97939,
              -11.93975
            ],
            [
              -76.97959,
              -11.93991
            ],
            [
              -76.97974,
              -11.94007
            ],
            [
              -76.97985,
              -11.94023
            ],
            [
              -76.98003,
              -11.94047
            ],
            [
              -76.98027,
              -11.94081
            ],
            [
              -76.98048,
              -11.94111
            ],
            [
              -76.98069,
              -11.94142
            ],
            [
              -76.98083,
              -11.9416
            ],
            [
              -76.98111,
              -11.94201
            ],
            [
              -76.98133,
              -11.94232
            ],
            [
              -76.98147,
              -11.94252
            ],
            [
              -76.98187,
              -11.9431
            ],
            [
              -76.98202,
              -11.94333
            ],
            [
              -76.98227,
              -11.94368
            ],
            [
              -76.9824,
              -11.94386
            ],
            [
              -76.98284,
              -11.94451
            ],
            [
              -76.98327,
              -11.94513
            ],
            [
              -76.98371,
              -11.94576
            ],
            [
              -76.98423,
              -11.94651
            ],
            [
              -76.98464,
              -11.9471
            ],
            [
              -76.98513,
              -11.94782
            ],
            [
              -76.98562,
              -11.94855
            ],
            [
              -76.98601,
              -11.94912
            ],
            [
              -76.98643,
              -11.94972
            ],
            [
              -76.98687,
              -11.95036
            ],
            [
              -76.9873,
              -11.95098
            ],
            [
              -76.98742,
              -11.95115
            ],
            [
              -76.98749,
              -11.95127
            ],
            [
              -76.98751,
              -11.95132
            ],
            [
              -76.98754,
              -11.95142
            ],
            [
              -76.98756,
              -11.95148
            ],
            [
              -76.98758,
              -11.95159
            ],
            [
              -76.98759,
              -11.95171
            ],
            [
              -76.98759,
              -11.9518
            ],
            [
              -76.98758,
              -11.95189
            ],
            [
              -76.98756,
              -11.95199
            ],
            [
              -76.98755,
              -11.95206
            ],
            [
              -76.98753,
              -11.95213
            ],
            [
              -76.98748,
              -11.95223
            ],
            [
              -76.98742,
              -11.95233
            ],
            [
              -76.98723,
              -11.95272
            ],
            [
              -76.98696,
              -11.95327
            ],
            [
              -76.98675,
              -11.95369
            ],
            [
              -76.98655,
              -11.95411
            ],
            [
              -76.98626,
              -11.9547
            ],
            [
              -76.98601,
              -11.9552
            ],
            [
              -76.98579,
              -11.95563
            ],
            [
              -76.98567,
              -11.95589
            ],
            [
              -76.98556,
              -11.95615
            ],
            [
              -76.98552,
              -11.95624
            ],
            [
              -76.9855,
              -11.95629
            ],
            [
              -76.98547,
              -11.95638
            ],
            [
              -76.98546,
              -11.95644
            ],
            [
              -76.98545,
              -11.95651
            ],
            [
              -76.98546,
              -11.95657
            ],
            [
              -76.98546,
              -11.95665
            ],
            [
              -76.98547,
              -11.9567
            ],
            [
              -76.98548,
              -11.95674
            ],
            [
              -76.98549,
              -11.95681
            ],
            [
              -76.98551,
              -11.95684
            ],
            [
              -76.98568,
              -11.9571
            ],
            [
              -76.986,
              -11.95756
            ],
            [
              -76.98636,
              -11.95806
            ],
            [
              -76.98658,
              -11.95841
            ],
            [
              -76.98665,
              -11.9585
            ],
            [
              -76.98687,
              -11.95881
            ],
            [
              -76.98687,
              -11.95881
            ]
          ]
        ]
      }
    },
    {
      "type": "Feature",
      "properties": {
        "id": "e30eef0e-e8ef-4921-bb2a-9052f20dbcd8",
        "name": "Santa Elizabeth",
        "description": "Santa Elizabeth es una zona urbana ubicada en el distrito de San Juan de Lurigancho, Lima, destacada por su conectividad gracias a la estación Santa Rosa de la Línea 1 del Metro de Lima, inaugurada el 3 de enero de 2012. ",
        "color": "#f0693a",
        "createdAt": "2025-06-11T17:13:24.225Z",
        "updatedAt": "2025-06-11T17:13:24.225Z",
        "zoneId": null,
        "userId": "c0b1d5b9-11c6-4150-9342-46d3142eab82"
      },
      "geometry": {
        "type": "Polygon",
        "coordinates": [
          [
            [
              -77.02847,
              -12.00155
            ],
            [
              -77.02832,
              -12.00126
            ],
            [
              -77.02804,
              -12.00107
            ],
            [
              -77.02741,
              -12.0012
            ],
            [
              -77.02662,
              -12.00103
            ],
            [
              -77.02617,
              -12.00081
            ],
            [
              -77.02574,
              -12.00073
            ],
            [
              -77.02491,
              -12.00073
            ],
            [
              -77.02437,
              -12.00078
            ],
            [
              -77.02399,
              -12.00084
            ],
            [
              -77.02351,
              -12.00091
            ],
            [
              -77.02288,
              -12.00094
            ],
            [
              -77.02223,
              -12.00082
            ],
            [
              -77.02183,
              -12.00067
            ],
            [
              -77.02153,
              -12.00046
            ],
            [
              -77.02106,
              -12.00031
            ],
            [
              -77.02101,
              -12.00031
            ],
            [
              -77.02086,
              -12.00025
            ],
            [
              -77.02071,
              -12.00005
            ],
            [
              -77.02058,
              -11.99997
            ],
            [
              -77.0204,
              -11.9998
            ],
            [
              -77.02029,
              -11.99968
            ],
            [
              -77.02004,
              -11.99956
            ],
            [
              -77.01992,
              -11.99953
            ],
            [
              -77.01984,
              -11.99952
            ],
            [
              -77.01973,
              -11.9995
            ],
            [
              -77.01946,
              -11.99949
            ],
            [
              -77.01935,
              -11.9995
            ],
            [
              -77.01929,
              -11.99955
            ],
            [
              -77.01924,
              -11.99958
            ],
            [
              -77.01919,
              -11.99958
            ],
            [
              -77.01916,
              -11.99957
            ],
            [
              -77.01914,
              -11.99954
            ],
            [
              -77.0191,
              -11.99945
            ],
            [
              -77.01908,
              -11.99941
            ],
            [
              -77.01908,
              -11.99933
            ],
            [
              -77.01909,
              -11.99921
            ],
            [
              -77.0191,
              -11.99916
            ],
            [
              -77.01911,
              -11.99912
            ],
            [
              -77.0191,
              -11.99905
            ],
            [
              -77.0191,
              -11.99898
            ],
            [
              -77.01907,
              -11.99893
            ],
            [
              -77.01894,
              -11.99898
            ],
            [
              -77.01875,
              -11.99908
            ],
            [
              -77.01863,
              -11.99913
            ],
            [
              -77.01851,
              -11.99919
            ],
            [
              -77.01831,
              -11.99927
            ],
            [
              -77.01801,
              -11.99935
            ],
            [
              -77.01791,
              -11.99933
            ],
            [
              -77.01731,
              -11.99961
            ],
            [
              -77.01721,
              -11.99945
            ],
            [
              -77.01706,
              -11.99948
            ],
            [
              -77.01693,
              -11.99954
            ],
            [
              -77.01687,
              -11.99955
            ],
            [
              -77.01681,
              -11.99954
            ],
            [
              -77.01669,
              -11.99958
            ],
            [
              -77.01657,
              -11.99964
            ],
            [
              -77.01646,
              -11.99966
            ],
            [
              -77.01603,
              -11.99963
            ],
            [
              -77.01602,
              -11.99958
            ],
            [
              -77.01602,
              -11.99942
            ],
            [
              -77.01602,
              -11.99936
            ],
            [
              -77.01602,
              -11.99929
            ],
            [
              -77.01604,
              -11.99908
            ],
            [
              -77.01605,
              -11.99863
            ],
            [
              -77.01605,
              -11.99823
            ],
            [
              -77.01606,
              -11.9979
            ],
            [
              -77.01606,
              -11.99785
            ],
            [
              -77.01606,
              -11.9978
            ],
            [
              -77.01604,
              -11.99772
            ],
            [
              -77.01603,
              -11.99766
            ],
            [
              -77.01597,
              -11.99757
            ],
            [
              -77.01593,
              -11.99748
            ],
            [
              -77.01578,
              -11.99714
            ],
            [
              -77.01562,
              -11.99678
            ],
            [
              -77.01551,
              -11.99648
            ],
            [
              -77.01536,
              -11.99608
            ],
            [
              -77.01529,
              -11.9959
            ],
            [
              -77.01511,
              -11.99573
            ],
            [
              -77.01509,
              -11.99544
            ],
            [
              -77.01509,
              -11.99516
            ],
            [
              -77.01511,
              -11.99482
            ],
            [
              -77.01511,
              -11.99456
            ],
            [
              -77.01511,
              -11.99434
            ],
            [
              -77.01512,
              -11.99411
            ],
            [
              -77.01516,
              -11.99357
            ],
            [
              -77.01518,
              -11.99329
            ],
            [
              -77.01519,
              -11.99298
            ],
            [
              -77.01514,
              -11.99259
            ],
            [
              -77.01507,
              -11.99238
            ],
            [
              -77.015,
              -11.99192
            ],
            [
              -77.01501,
              -11.99179
            ],
            [
              -77.01508,
              -11.99138
            ],
            [
              -77.01515,
              -11.99096
            ],
            [
              -77.01518,
              -11.99076
            ],
            [
              -77.01529,
              -11.99008
            ],
            [
              -77.01502,
              -11.99004
            ],
            [
              -77.01405,
              -11.98985
            ],
            [
              -77.01262,
              -11.9896
            ],
            [
              -77.01168,
              -11.98942
            ],
            [
              -77.01119,
              -11.98935
            ],
            [
              -77.01105,
              -11.98938
            ],
            [
              -77.01093,
              -11.98941
            ],
            [
              -77.01083,
              -11.98944
            ],
            [
              -77.01053,
              -11.98949
            ],
            [
              -77.01044,
              -11.98936
            ],
            [
              -77.01027,
              -11.98911
            ],
            [
              -77.01014,
              -11.98893
            ],
            [
              -77.00999,
              -11.98874
            ],
            [
              -77.00981,
              -11.98855
            ],
            [
              -77.00968,
              -11.98844
            ],
            [
              -77.00931,
              -11.98808
            ],
            [
              -77.00889,
              -11.98773
            ],
            [
              -77.00854,
              -11.98744
            ],
            [
              -77.00835,
              -11.98726
            ],
            [
              -77.00807,
              -11.98698
            ],
            [
              -77.00784,
              -11.98677
            ],
            [
              -77.00772,
              -11.98667
            ],
            [
              -77.00766,
              -11.98661
            ],
            [
              -77.00752,
              -11.98649
            ],
            [
              -77.00727,
              -11.98615
            ],
            [
              -77.0072,
              -11.98606
            ],
            [
              -77.00698,
              -11.98564
            ],
            [
              -77.00682,
              -11.98518
            ],
            [
              -77.00671,
              -11.98485
            ],
            [
              -77.00632,
              -11.98374
            ],
            [
              -77.00567,
              -11.98181
            ],
            [
              -77.00531,
              -11.98072
            ],
            [
              -77.00494,
              -11.97986
            ],
            [
              -77.0047,
              -11.97937
            ],
            [
              -77.00444,
              -11.97884
            ],
            [
              -77.00421,
              -11.97849
            ],
            [
              -77.00382,
              -11.97794
            ],
            [
              -77.00354,
              -11.97755
            ],
            [
              -77.00316,
              -11.97705
            ],
            [
              -77.00283,
              -11.97672
            ],
            [
              -77.00247,
              -11.97642
            ],
            [
              -77.00228,
              -11.9763
            ],
            [
              -77.00194,
              -11.97607
            ],
            [
              -77.00167,
              -11.97586
            ],
            [
              -77.00115,
              -11.97549
            ],
            [
              -77.00001,
              -11.97469
            ],
            [
              -76.99884,
              -11.97385
            ],
            [
              -76.99745,
              -11.97284
            ],
            [
              -76.99678,
              -11.97232
            ],
            [
              -76.99633,
              -11.9719
            ],
            [
              -76.99579,
              -11.97125
            ],
            [
              -76.99549,
              -11.97085
            ],
            [
              -76.99455,
              -11.96956
            ],
            [
              -76.99353,
              -11.9682
            ],
            [
              -76.99266,
              -11.967
            ],
            [
              -76.99155,
              -11.96548
            ],
            [
              -76.99072,
              -11.96434
            ],
            [
              -76.98968,
              -11.96286
            ],
            [
              -76.99066,
              -11.96225
            ],
            [
              -76.99099,
              -11.96202
            ],
            [
              -76.99209,
              -11.96128
            ],
            [
              -76.99161,
              -11.96055
            ],
            [
              -76.99255,
              -11.96007
            ],
            [
              -76.99318,
              -11.95972
            ],
            [
              -76.99243,
              -11.95836
            ],
            [
              -76.99257,
              -11.95831
            ],
            [
              -76.99355,
              -11.95844
            ],
            [
              -76.99534,
              -11.95868
            ],
            [
              -76.99577,
              -11.95873
            ],
            [
              -76.99604,
              -11.95873
            ],
            [
              -76.99641,
              -11.95868
            ],
            [
              -76.99664,
              -11.95865
            ],
            [
              -76.99736,
              -11.95834
            ],
            [
              -76.99785,
              -11.95811
            ],
            [
              -76.99841,
              -11.95789
            ],
            [
              -76.99806,
              -11.95713
            ],
            [
              -76.99798,
              -11.95695
            ],
            [
              -76.99792,
              -11.95676
            ],
            [
              -76.99792,
              -11.95663
            ],
            [
              -76.99796,
              -11.95653
            ],
            [
              -76.9997,
              -11.95675
            ],
            [
              -77.00019,
              -11.95621
            ],
            [
              -77.00009,
              -11.95607
            ],
            [
              -77.00005,
              -11.956
            ],
            [
              -77.00009,
              -11.95597
            ],
            [
              -77.00016,
              -11.95596
            ],
            [
              -77.00031,
              -11.95585
            ],
            [
              -77.00034,
              -11.9558
            ],
            [
              -77.00035,
              -11.95577
            ],
            [
              -77.00018,
              -11.9555
            ],
            [
              -77.00002,
              -11.95521
            ],
            [
              -77,
              -11.95514
            ],
            [
              -76.99992,
              -11.9551
            ],
            [
              -76.99998,
              -11.95467
            ],
            [
              -76.99998,
              -11.95463
            ],
            [
              -76.99998,
              -11.95455
            ],
            [
              -76.99998,
              -11.95451
            ],
            [
              -76.99994,
              -11.95449
            ],
            [
              -76.99969,
              -11.95444
            ],
            [
              -76.99949,
              -11.95442
            ],
            [
              -76.9994,
              -11.9544
            ],
            [
              -76.99927,
              -11.95438
            ],
            [
              -76.99915,
              -11.95435
            ],
            [
              -76.99906,
              -11.95429
            ],
            [
              -76.99897,
              -11.95424
            ],
            [
              -76.99895,
              -11.9542
            ],
            [
              -76.99893,
              -11.95417
            ],
            [
              -76.99887,
              -11.95393
            ],
            [
              -76.99884,
              -11.95386
            ],
            [
              -76.99883,
              -11.95382
            ],
            [
              -76.99875,
              -11.95377
            ],
            [
              -76.99857,
              -11.95366
            ],
            [
              -76.99849,
              -11.9536
            ],
            [
              -76.99841,
              -11.95354
            ],
            [
              -76.99836,
              -11.95349
            ],
            [
              -76.99828,
              -11.95346
            ],
            [
              -76.99823,
              -11.95341
            ],
            [
              -76.99812,
              -11.95332
            ],
            [
              -76.9981,
              -11.9533
            ],
            [
              -76.99808,
              -11.9532
            ],
            [
              -76.9981,
              -11.95312
            ],
            [
              -76.99822,
              -11.953
            ],
            [
              -76.99828,
              -11.9529
            ],
            [
              -76.99835,
              -11.95279
            ],
            [
              -76.99844,
              -11.95272
            ],
            [
              -76.99861,
              -11.95256
            ],
            [
              -76.99868,
              -11.95246
            ],
            [
              -76.99871,
              -11.9524
            ],
            [
              -76.99873,
              -11.95238
            ],
            [
              -76.99875,
              -11.95234
            ],
            [
              -76.9988,
              -11.95229
            ],
            [
              -76.99883,
              -11.95224
            ],
            [
              -76.99886,
              -11.95218
            ],
            [
              -76.99891,
              -11.95209
            ],
            [
              -76.99891,
              -11.95202
            ],
            [
              -76.99897,
              -11.95188
            ],
            [
              -76.99925,
              -11.95167
            ],
            [
              -76.99938,
              -11.95154
            ],
            [
              -76.99949,
              -11.95146
            ],
            [
              -76.99962,
              -11.95135
            ],
            [
              -76.99969,
              -11.95129
            ],
            [
              -76.99974,
              -11.95119
            ],
            [
              -76.99974,
              -11.95115
            ],
            [
              -76.99975,
              -11.95105
            ],
            [
              -76.99973,
              -11.95095
            ],
            [
              -76.99973,
              -11.95091
            ],
            [
              -76.99972,
              -11.95089
            ],
            [
              -76.9999,
              -11.95088
            ],
            [
              -76.99996,
              -11.95081
            ],
            [
              -76.99999,
              -11.95073
            ],
            [
              -77.00018,
              -11.95063
            ],
            [
              -77.00027,
              -11.95058
            ],
            [
              -77.00034,
              -11.95051
            ],
            [
              -77.00038,
              -11.95042
            ],
            [
              -77.00048,
              -11.95018
            ],
            [
              -77.00055,
              -11.95009
            ],
            [
              -77.00066,
              -11.94993
            ],
            [
              -77.0007,
              -11.94988
            ],
            [
              -77.0007,
              -11.94986
            ],
            [
              -77.00082,
              -11.94973
            ],
            [
              -77.00092,
              -11.94949
            ],
            [
              -77.00096,
              -11.9494
            ],
            [
              -77.00099,
              -11.94932
            ],
            [
              -77.001,
              -11.9493
            ],
            [
              -77.00104,
              -11.94925
            ],
            [
              -77.00109,
              -11.94924
            ],
            [
              -77.00121,
              -11.94915
            ],
            [
              -77.00123,
              -11.94904
            ],
            [
              -77.00123,
              -11.94897
            ],
            [
              -77.00123,
              -11.94892
            ],
            [
              -77.00121,
              -11.9488
            ],
            [
              -77.00121,
              -11.94872
            ],
            [
              -77.00124,
              -11.94859
            ],
            [
              -77.00124,
              -11.9485
            ],
            [
              -77.00124,
              -11.9484
            ],
            [
              -77.00128,
              -11.94829
            ],
            [
              -77.00128,
              -11.94827
            ],
            [
              -77.00133,
              -11.94819
            ],
            [
              -77.00134,
              -11.94812
            ],
            [
              -77.00133,
              -11.94806
            ],
            [
              -77.00131,
              -11.94801
            ],
            [
              -77.00133,
              -11.94785
            ],
            [
              -77.00137,
              -11.94752
            ],
            [
              -77.00137,
              -11.94744
            ],
            [
              -77.00141,
              -11.94732
            ],
            [
              -77.00142,
              -11.94728
            ],
            [
              -77.00142,
              -11.94727
            ],
            [
              -77.00143,
              -11.94714
            ],
            [
              -77.00143,
              -11.9471
            ],
            [
              -77.00142,
              -11.94699
            ],
            [
              -77.00144,
              -11.9469
            ],
            [
              -77.00145,
              -11.94689
            ],
            [
              -77.00147,
              -11.94684
            ],
            [
              -77.00148,
              -11.94682
            ],
            [
              -77.00154,
              -11.94674
            ],
            [
              -77.00164,
              -11.94646
            ],
            [
              -77.00165,
              -11.9464
            ],
            [
              -77.00166,
              -11.94637
            ],
            [
              -77.00166,
              -11.94633
            ],
            [
              -77.00167,
              -11.94627
            ],
            [
              -77.00167,
              -11.94626
            ],
            [
              -77.00168,
              -11.94615
            ],
            [
              -77.00168,
              -11.94613
            ],
            [
              -77.00167,
              -11.94608
            ],
            [
              -77.00167,
              -11.94606
            ],
            [
              -77.00167,
              -11.94604
            ],
            [
              -77.00165,
              -11.94596
            ],
            [
              -77.00165,
              -11.94592
            ],
            [
              -77.00165,
              -11.94585
            ],
            [
              -77.00165,
              -11.94579
            ],
            [
              -77.00164,
              -11.94577
            ],
            [
              -77.00164,
              -11.94573
            ],
            [
              -77.00164,
              -11.94572
            ],
            [
              -77.0017,
              -11.9456
            ],
            [
              -77.00175,
              -11.94551
            ],
            [
              -77.00178,
              -11.94545
            ],
            [
              -77.00181,
              -11.94533
            ],
            [
              -77.00193,
              -11.94525
            ],
            [
              -77.00203,
              -11.94521
            ],
            [
              -77.00215,
              -11.94519
            ],
            [
              -77.00235,
              -11.94524
            ],
            [
              -77.00249,
              -11.94521
            ],
            [
              -77.00256,
              -11.9452
            ],
            [
              -77.00261,
              -11.94517
            ],
            [
              -77.00284,
              -11.9451
            ],
            [
              -77.00321,
              -11.945
            ],
            [
              -77.00328,
              -11.94497
            ],
            [
              -77.00335,
              -11.94494
            ],
            [
              -77.00346,
              -11.94488
            ],
            [
              -77.00367,
              -11.9448
            ],
            [
              -77.00373,
              -11.94478
            ],
            [
              -77.00418,
              -11.94466
            ],
            [
              -77.00439,
              -11.9446
            ],
            [
              -77.00456,
              -11.94457
            ],
            [
              -77.00475,
              -11.94453
            ],
            [
              -77.00494,
              -11.94452
            ],
            [
              -77.00524,
              -11.94446
            ],
            [
              -77.00537,
              -11.94443
            ],
            [
              -77.00553,
              -11.94414
            ],
            [
              -77.00556,
              -11.94403
            ],
            [
              -77.00564,
              -11.94388
            ],
            [
              -77.00566,
              -11.94379
            ],
            [
              -77.00573,
              -11.9436
            ],
            [
              -77.00572,
              -11.94344
            ],
            [
              -77.00586,
              -11.94325
            ],
            [
              -77.00591,
              -11.94316
            ],
            [
              -77.006,
              -11.943
            ],
            [
              -77.0061,
              -11.9429
            ],
            [
              -77.00625,
              -11.9427
            ],
            [
              -77.00632,
              -11.94243
            ],
            [
              -77.00649,
              -11.94215
            ],
            [
              -77.00668,
              -11.94195
            ],
            [
              -77.00706,
              -11.94169
            ],
            [
              -77.00735,
              -11.94149
            ],
            [
              -77.00782,
              -11.94156
            ],
            [
              -77.00822,
              -11.94167
            ],
            [
              -77.00865,
              -11.94167
            ],
            [
              -77.00908,
              -11.9416
            ],
            [
              -77.00934,
              -11.9416
            ],
            [
              -77.00959,
              -11.94164
            ],
            [
              -77.00965,
              -11.94164
            ],
            [
              -77.00989,
              -11.94169
            ],
            [
              -77.00999,
              -11.94172
            ],
            [
              -77.01002,
              -11.94172
            ],
            [
              -77.01016,
              -11.94178
            ],
            [
              -77.01045,
              -11.94187
            ],
            [
              -77.0107,
              -11.94196
            ],
            [
              -77.01092,
              -11.94208
            ],
            [
              -77.01134,
              -11.94232
            ],
            [
              -77.0115,
              -11.94241
            ],
            [
              -77.01163,
              -11.9425
            ],
            [
              -77.01177,
              -11.9426
            ],
            [
              -77.01185,
              -11.94266
            ],
            [
              -77.01189,
              -11.94268
            ],
            [
              -77.01209,
              -11.9428
            ],
            [
              -77.01215,
              -11.94283
            ],
            [
              -77.01233,
              -11.94289
            ],
            [
              -77.01239,
              -11.94291
            ],
            [
              -77.0125,
              -11.94291
            ],
            [
              -77.0126,
              -11.94292
            ],
            [
              -77.01262,
              -11.94293
            ],
            [
              -77.01284,
              -11.94291
            ],
            [
              -77.01317,
              -11.94289
            ],
            [
              -77.01357,
              -11.94284
            ],
            [
              -77.01367,
              -11.94283
            ],
            [
              -77.01372,
              -11.94284
            ],
            [
              -77.01381,
              -11.94283
            ],
            [
              -77.01407,
              -11.9428
            ],
            [
              -77.01412,
              -11.9428
            ],
            [
              -77.01433,
              -11.94276
            ],
            [
              -77.01465,
              -11.9427
            ],
            [
              -77.01469,
              -11.94269
            ],
            [
              -77.01502,
              -11.94258
            ],
            [
              -77.01506,
              -11.94257
            ],
            [
              -77.01518,
              -11.94251
            ],
            [
              -77.01534,
              -11.94242
            ],
            [
              -77.01569,
              -11.94232
            ],
            [
              -77.01584,
              -11.9424
            ],
            [
              -77.01608,
              -11.94252
            ],
            [
              -77.0162,
              -11.94266
            ],
            [
              -77.01648,
              -11.9427
            ],
            [
              -77.01662,
              -11.943
            ],
            [
              -77.01676,
              -11.94329
            ],
            [
              -77.01685,
              -11.94351
            ],
            [
              -77.017,
              -11.94384
            ],
            [
              -77.01701,
              -11.94385
            ],
            [
              -77.01702,
              -11.94395
            ],
            [
              -77.01708,
              -11.94437
            ],
            [
              -77.01713,
              -11.94468
            ],
            [
              -77.01715,
              -11.94485
            ],
            [
              -77.01719,
              -11.9451
            ],
            [
              -77.01721,
              -11.94532
            ],
            [
              -77.01725,
              -11.94561
            ],
            [
              -77.01725,
              -11.94569
            ],
            [
              -77.01725,
              -11.94585
            ],
            [
              -77.01725,
              -11.94605
            ],
            [
              -77.01724,
              -11.94625
            ],
            [
              -77.01724,
              -11.94653
            ],
            [
              -77.01723,
              -11.94671
            ],
            [
              -77.01723,
              -11.94686
            ],
            [
              -77.01743,
              -11.94722
            ],
            [
              -77.01757,
              -11.94746
            ],
            [
              -77.01768,
              -11.94765
            ],
            [
              -77.01781,
              -11.94789
            ],
            [
              -77.01785,
              -11.94795
            ],
            [
              -77.01792,
              -11.94807
            ],
            [
              -77.01791,
              -11.94835
            ],
            [
              -77.01791,
              -11.94859
            ],
            [
              -77.01791,
              -11.94896
            ],
            [
              -77.01791,
              -11.94926
            ],
            [
              -77.0179,
              -11.94974
            ],
            [
              -77.0179,
              -11.94984
            ],
            [
              -77.01829,
              -11.95042
            ],
            [
              -77.019,
              -11.9515
            ],
            [
              -77.0203,
              -11.9527
            ],
            [
              -77.02053,
              -11.95292
            ],
            [
              -77.02172,
              -11.95382
            ],
            [
              -77.02399,
              -11.95552
            ],
            [
              -77.02525,
              -11.95684
            ],
            [
              -77.02614,
              -11.95796
            ],
            [
              -77.0271,
              -11.95885
            ],
            [
              -77.02766,
              -11.95971
            ],
            [
              -77.02827,
              -11.96067
            ],
            [
              -77.02848,
              -11.96155
            ],
            [
              -77.0286,
              -11.96206
            ],
            [
              -77.02871,
              -11.96252
            ],
            [
              -77.02865,
              -11.9631
            ],
            [
              -77.02854,
              -11.96401
            ],
            [
              -77.02745,
              -11.96607
            ],
            [
              -77.02805,
              -11.96737
            ],
            [
              -77.02829,
              -11.96784
            ],
            [
              -77.02872,
              -11.96828
            ],
            [
              -77.0288,
              -11.96855
            ],
            [
              -77.02902,
              -11.96904
            ],
            [
              -77.02912,
              -11.96927
            ],
            [
              -77.02935,
              -11.96969
            ],
            [
              -77.02941,
              -11.97027
            ],
            [
              -77.02942,
              -11.9705
            ],
            [
              -77.02946,
              -11.97089
            ],
            [
              -77.02945,
              -11.97093
            ],
            [
              -77.02925,
              -11.97126
            ],
            [
              -77.02885,
              -11.97174
            ],
            [
              -77.02882,
              -11.97205
            ],
            [
              -77.02927,
              -11.97269
            ],
            [
              -77.0295,
              -11.97298
            ],
            [
              -77.02963,
              -11.97328
            ],
            [
              -77.02975,
              -11.97377
            ],
            [
              -77.0298,
              -11.97405
            ],
            [
              -77.02979,
              -11.97414
            ],
            [
              -77.02978,
              -11.97437
            ],
            [
              -77.02976,
              -11.97449
            ],
            [
              -77.0297,
              -11.97526
            ],
            [
              -77.0296,
              -11.97564
            ],
            [
              -77.02956,
              -11.97576
            ],
            [
              -77.02944,
              -11.97614
            ],
            [
              -77.02945,
              -11.97636
            ],
            [
              -77.0295,
              -11.97727
            ],
            [
              -77.02954,
              -11.97769
            ],
            [
              -77.02925,
              -11.97847
            ],
            [
              -77.02892,
              -11.97871
            ],
            [
              -77.02894,
              -11.97921
            ],
            [
              -77.02903,
              -11.97968
            ],
            [
              -77.02892,
              -11.97994
            ],
            [
              -77.02911,
              -11.98055
            ],
            [
              -77.02863,
              -11.98166
            ],
            [
              -77.02867,
              -11.9819
            ],
            [
              -77.02858,
              -11.98243
            ],
            [
              -77.02892,
              -11.98318
            ],
            [
              -77.02961,
              -11.98396
            ],
            [
              -77.02985,
              -11.98433
            ],
            [
              -77.03019,
              -11.98498
            ],
            [
              -77.03052,
              -11.9857
            ],
            [
              -77.03059,
              -11.98627
            ],
            [
              -77.03004,
              -11.9876
            ],
            [
              -77.03005,
              -11.98776
            ],
            [
              -77.03014,
              -11.98808
            ],
            [
              -77.03017,
              -11.98818
            ],
            [
              -77.03023,
              -11.98839
            ],
            [
              -77.03071,
              -11.98949
            ],
            [
              -77.03085,
              -11.9898
            ],
            [
              -77.03067,
              -11.99035
            ],
            [
              -77.03054,
              -11.99078
            ],
            [
              -77.03029,
              -11.99156
            ],
            [
              -77.03002,
              -11.99238
            ],
            [
              -77.03021,
              -11.99315
            ],
            [
              -77.03045,
              -11.99421
            ],
            [
              -77.03056,
              -11.9947
            ],
            [
              -77.03061,
              -11.99562
            ],
            [
              -77.03065,
              -11.99639
            ],
            [
              -77.03092,
              -11.99681
            ],
            [
              -77.03059,
              -11.99734
            ],
            [
              -77.03029,
              -11.99729
            ],
            [
              -77.02989,
              -11.99742
            ],
            [
              -77.0294,
              -11.99772
            ],
            [
              -77.02913,
              -11.99808
            ],
            [
              -77.02869,
              -11.99884
            ],
            [
              -77.02831,
              -11.99939
            ],
            [
              -77.02817,
              -12.00002
            ],
            [
              -77.02817,
              -12.00054
            ],
            [
              -77.02834,
              -12.00092
            ],
            [
              -77.02848,
              -12.00112
            ],
            [
              -77.02847,
              -12.00155
            ],
            [
              -77.02847,
              -12.00155
            ]
          ]
        ]
      }
    },
    {
      "type": "Feature",
      "properties": {
        "id": "0e92b99f-de76-4913-915b-0481d38bc1fd",
        "name": "Zarate",
        "description": "Zárate es una zona urbana ubicada en el distrito de San Juan de Lurigancho, Lima, destacada por su conectividad gracias a la estación Santa Rosa de la Línea 1 del Metro de Lima, inaugurada el 3 de enero de 2012. ",
        "color": "#ee9648",
        "createdAt": "2025-06-11T17:13:24.225Z",
        "updatedAt": "2025-06-11T17:13:24.225Z",
        "zoneId": null,
        "userId": "c0b1d5b9-11c6-4150-9342-46d3142eab82"
      },
      "geometry": {
        "type": "Polygon",
        "coordinates": [
          [
            [
              -77.01181,
              -12.03307
            ],
            [
              -77.01159,
              -12.03263
            ],
            [
              -77.0115,
              -12.03246
            ],
            [
              -77.01107,
              -12.03157
            ],
            [
              -77.0108,
              -12.03122
            ],
            [
              -77.01062,
              -12.03111
            ],
            [
              -77.01,
              -12.03071
            ],
            [
              -77.0097,
              -12.03057
            ],
            [
              -77.00905,
              -12.03039
            ],
            [
              -77.00843,
              -12.03026
            ],
            [
              -77.00785,
              -12.03015
            ],
            [
              -77.00774,
              -12.0301
            ],
            [
              -77.00744,
              -12.03
            ],
            [
              -77.00645,
              -12.02983
            ],
            [
              -77.00618,
              -12.02982
            ],
            [
              -77.00577,
              -12.02976
            ],
            [
              -77.00546,
              -12.0297
            ],
            [
              -77.00471,
              -12.02958
            ],
            [
              -77.00416,
              -12.02951
            ],
            [
              -77.00398,
              -12.02943
            ],
            [
              -77.00347,
              -12.02919
            ],
            [
              -77.00301,
              -12.029
            ],
            [
              -77.0024,
              -12.02867
            ],
            [
              -77.00208,
              -12.02848
            ],
            [
              -77.00176,
              -12.02838
            ],
            [
              -77.00118,
              -12.0282
            ],
            [
              -77.00038,
              -12.02794
            ],
            [
              -76.99985,
              -12.02778
            ],
            [
              -76.99953,
              -12.02776
            ],
            [
              -76.99901,
              -12.02773
            ],
            [
              -76.99857,
              -12.02763
            ],
            [
              -76.99777,
              -12.02737
            ],
            [
              -76.99725,
              -12.02728
            ],
            [
              -76.99672,
              -12.02719
            ],
            [
              -76.996,
              -12.02699
            ],
            [
              -76.99542,
              -12.02705
            ],
            [
              -76.99509,
              -12.02703
            ],
            [
              -76.99451,
              -12.02709
            ],
            [
              -76.99405,
              -12.02708
            ],
            [
              -76.99332,
              -12.02699
            ],
            [
              -76.99236,
              -12.02681
            ],
            [
              -76.992,
              -12.02679
            ],
            [
              -76.99153,
              -12.02688
            ],
            [
              -76.98899,
              -12.02686
            ],
            [
              -76.98782,
              -12.02665
            ],
            [
              -76.98746,
              -12.0266
            ],
            [
              -76.98725,
              -12.02657
            ],
            [
              -76.98657,
              -12.02647
            ],
            [
              -76.98638,
              -12.02637
            ],
            [
              -76.98596,
              -12.02631
            ],
            [
              -76.98539,
              -12.02619
            ],
            [
              -76.98498,
              -12.02617
            ],
            [
              -76.98393,
              -12.02606
            ],
            [
              -76.98363,
              -12.02598
            ],
            [
              -76.98318,
              -12.02589
            ],
            [
              -76.98283,
              -12.02586
            ],
            [
              -76.98223,
              -12.02567
            ],
            [
              -76.98188,
              -12.0256
            ],
            [
              -76.9812,
              -12.02548
            ],
            [
              -76.98081,
              -12.02548
            ],
            [
              -76.98025,
              -12.02553
            ],
            [
              -76.97971,
              -12.02573
            ],
            [
              -76.97887,
              -12.02582
            ],
            [
              -76.97778,
              -12.02598
            ],
            [
              -76.97553,
              -12.02638
            ],
            [
              -76.97533,
              -12.02636
            ],
            [
              -76.97494,
              -12.02614
            ],
            [
              -76.9744,
              -12.02614
            ],
            [
              -76.97431,
              -12.02612
            ],
            [
              -76.974,
              -12.02609
            ],
            [
              -76.97346,
              -12.02611
            ],
            [
              -76.9731,
              -12.02617
            ],
            [
              -76.97265,
              -12.02639
            ],
            [
              -76.97204,
              -12.02639
            ],
            [
              -76.97165,
              -12.02625
            ],
            [
              -76.97105,
              -12.02624
            ],
            [
              -76.9701,
              -12.02648
            ],
            [
              -76.9687,
              -12.02655
            ],
            [
              -76.9683,
              -12.02663
            ],
            [
              -76.96774,
              -12.02652
            ],
            [
              -76.96569,
              -12.02612
            ],
            [
              -76.96289,
              -12.02513
            ],
            [
              -76.95808,
              -12.02366
            ],
            [
              -76.95767,
              -12.02349
            ],
            [
              -76.95522,
              -12.02253
            ],
            [
              -76.95382,
              -12.02198
            ],
            [
              -76.9524,
              -12.02142
            ],
            [
              -76.95261,
              -12.02082
            ],
            [
              -76.95231,
              -12.02007
            ],
            [
              -76.95216,
              -12.01944
            ],
            [
              -76.95208,
              -12.0191
            ],
            [
              -76.95205,
              -12.01866
            ],
            [
              -76.95213,
              -12.01859
            ],
            [
              -76.95225,
              -12.01794
            ],
            [
              -76.95219,
              -12.01723
            ],
            [
              -76.95249,
              -12.01725
            ],
            [
              -76.9528,
              -12.01716
            ],
            [
              -76.9534,
              -12.01568
            ],
            [
              -76.95358,
              -12.01564
            ],
            [
              -76.95384,
              -12.01561
            ],
            [
              -76.95414,
              -12.01547
            ],
            [
              -76.95436,
              -12.0153
            ],
            [
              -76.9545,
              -12.01494
            ],
            [
              -76.95444,
              -12.01462
            ],
            [
              -76.95431,
              -12.01433
            ],
            [
              -76.95431,
              -12.01411
            ],
            [
              -76.95413,
              -12.01402
            ],
            [
              -76.95382,
              -12.0135
            ],
            [
              -76.95402,
              -12.01279
            ],
            [
              -76.9544,
              -12.01236
            ],
            [
              -76.95456,
              -12.01218
            ],
            [
              -76.95512,
              -12.01184
            ],
            [
              -76.95518,
              -12.01173
            ],
            [
              -76.95525,
              -12.0116
            ],
            [
              -76.9554,
              -12.01131
            ],
            [
              -76.95555,
              -12.01095
            ],
            [
              -76.95569,
              -12.01059
            ],
            [
              -76.95588,
              -12.01021
            ],
            [
              -76.95607,
              -12.01001
            ],
            [
              -76.95626,
              -12.00981
            ],
            [
              -76.95682,
              -12.00967
            ],
            [
              -76.957,
              -12.00959
            ],
            [
              -76.95726,
              -12.00947
            ],
            [
              -76.95769,
              -12.00928
            ],
            [
              -76.95814,
              -12.00918
            ],
            [
              -76.9585,
              -12.00899
            ],
            [
              -76.95872,
              -12.00866
            ],
            [
              -76.95891,
              -12.00809
            ],
            [
              -76.95941,
              -12.00785
            ],
            [
              -76.95962,
              -12.00754
            ],
            [
              -76.95974,
              -12.00711
            ],
            [
              -76.96009,
              -12.00661
            ],
            [
              -76.96109,
              -12.00659
            ],
            [
              -76.96154,
              -12.00631
            ],
            [
              -76.96237,
              -12.00616
            ],
            [
              -76.96331,
              -12.00597
            ],
            [
              -76.96398,
              -12.00567
            ],
            [
              -76.96471,
              -12.00537
            ],
            [
              -76.96533,
              -12.00511
            ],
            [
              -76.96586,
              -12.00495
            ],
            [
              -76.96611,
              -12.00491
            ],
            [
              -76.96671,
              -12.0046
            ],
            [
              -76.9674,
              -12.00426
            ],
            [
              -76.96797,
              -12.00309
            ],
            [
              -76.96816,
              -12.00267
            ],
            [
              -76.96836,
              -12.00225
            ],
            [
              -76.96841,
              -12.00214
            ],
            [
              -76.96846,
              -12.00202
            ],
            [
              -76.96877,
              -12.00137
            ],
            [
              -76.96898,
              -12.00093
            ],
            [
              -76.96908,
              -12.0007
            ],
            [
              -76.96916,
              -12.00054
            ],
            [
              -76.96934,
              -12.00003
            ],
            [
              -76.96955,
              -11.99946
            ],
            [
              -76.96965,
              -11.99918
            ],
            [
              -76.96964,
              -11.99895
            ],
            [
              -76.96963,
              -11.99873
            ],
            [
              -76.96963,
              -11.99857
            ],
            [
              -76.96965,
              -11.99817
            ],
            [
              -76.96969,
              -11.99753
            ],
            [
              -76.96974,
              -11.99686
            ],
            [
              -76.96976,
              -11.99656
            ],
            [
              -76.96969,
              -11.99626
            ],
            [
              -76.96956,
              -11.99565
            ],
            [
              -76.96939,
              -11.99492
            ],
            [
              -76.96919,
              -11.99469
            ],
            [
              -76.96902,
              -11.99449
            ],
            [
              -76.96885,
              -11.9943
            ],
            [
              -76.96864,
              -11.99408
            ],
            [
              -76.96842,
              -11.99383
            ],
            [
              -76.96823,
              -11.99361
            ],
            [
              -76.96835,
              -11.99365
            ],
            [
              -76.96841,
              -11.99371
            ],
            [
              -76.96848,
              -11.99379
            ],
            [
              -76.96853,
              -11.99384
            ],
            [
              -76.96865,
              -11.99399
            ],
            [
              -76.9688,
              -11.99409
            ],
            [
              -76.96902,
              -11.9941
            ],
            [
              -76.96915,
              -11.99406
            ],
            [
              -76.96934,
              -11.99403
            ],
            [
              -76.96955,
              -11.99415
            ],
            [
              -76.96966,
              -11.99423
            ],
            [
              -76.96981,
              -11.99433
            ],
            [
              -76.97003,
              -11.99444
            ],
            [
              -76.97027,
              -11.9948
            ],
            [
              -76.97031,
              -11.99482
            ],
            [
              -76.97039,
              -11.99486
            ],
            [
              -76.97079,
              -11.99509
            ],
            [
              -76.9711,
              -11.99528
            ],
            [
              -76.97148,
              -11.99552
            ],
            [
              -76.97162,
              -11.99558
            ],
            [
              -76.97192,
              -11.99577
            ],
            [
              -76.97211,
              -11.99594
            ],
            [
              -76.97214,
              -11.99596
            ],
            [
              -76.97225,
              -11.99619
            ],
            [
              -76.97255,
              -11.99668
            ],
            [
              -76.97295,
              -11.99723
            ],
            [
              -76.97323,
              -11.99749
            ],
            [
              -76.97347,
              -11.99774
            ],
            [
              -76.97358,
              -11.99789
            ],
            [
              -76.97365,
              -11.998
            ],
            [
              -76.97371,
              -11.99812
            ],
            [
              -76.97415,
              -11.99859
            ],
            [
              -76.97429,
              -11.9987
            ],
            [
              -76.97449,
              -11.99882
            ],
            [
              -76.97492,
              -11.99913
            ],
            [
              -76.97529,
              -11.99939
            ],
            [
              -76.97563,
              -11.99964
            ],
            [
              -76.97585,
              -11.99975
            ],
            [
              -76.97651,
              -12.00013
            ],
            [
              -76.97665,
              -12.00019
            ],
            [
              -76.97737,
              -12.00052
            ],
            [
              -76.97801,
              -12.00076
            ],
            [
              -76.97831,
              -12.00084
            ],
            [
              -76.97909,
              -12.00103
            ],
            [
              -76.97964,
              -12.00124
            ],
            [
              -76.98067,
              -12.00201
            ],
            [
              -76.98084,
              -12.00206
            ],
            [
              -76.98112,
              -12.0021
            ],
            [
              -76.98147,
              -12.00211
            ],
            [
              -76.9817,
              -12.00224
            ],
            [
              -76.98219,
              -12.00247
            ],
            [
              -76.9826,
              -12.00274
            ],
            [
              -76.98279,
              -12.00293
            ],
            [
              -76.98295,
              -12.00313
            ],
            [
              -76.98308,
              -12.00333
            ],
            [
              -76.98335,
              -12.00366
            ],
            [
              -76.98363,
              -12.00435
            ],
            [
              -76.98373,
              -12.00473
            ],
            [
              -76.98386,
              -12.00504
            ],
            [
              -76.9842,
              -12.00546
            ],
            [
              -76.98431,
              -12.00558
            ],
            [
              -76.985,
              -12.00598
            ],
            [
              -76.98529,
              -12.00623
            ],
            [
              -76.98556,
              -12.00665
            ],
            [
              -76.98566,
              -12.00694
            ],
            [
              -76.98593,
              -12.00741
            ],
            [
              -76.98608,
              -12.00763
            ],
            [
              -76.98626,
              -12.00801
            ],
            [
              -76.98636,
              -12.00835
            ],
            [
              -76.9864,
              -12.00848
            ],
            [
              -76.98644,
              -12.00872
            ],
            [
              -76.98653,
              -12.00905
            ],
            [
              -76.98666,
              -12.00915
            ],
            [
              -76.98667,
              -12.00916
            ],
            [
              -76.98668,
              -12.00916
            ],
            [
              -76.98695,
              -12.00944
            ],
            [
              -76.987,
              -12.00947
            ],
            [
              -76.98704,
              -12.00948
            ],
            [
              -76.9871,
              -12.00951
            ],
            [
              -76.98717,
              -12.00954
            ],
            [
              -76.98719,
              -12.00955
            ],
            [
              -76.98725,
              -12.00959
            ],
            [
              -76.98735,
              -12.00965
            ],
            [
              -76.98743,
              -12.00969
            ],
            [
              -76.98748,
              -12.00973
            ],
            [
              -76.98754,
              -12.00976
            ],
            [
              -76.98759,
              -12.00979
            ],
            [
              -76.98763,
              -12.00981
            ],
            [
              -76.98769,
              -12.00984
            ],
            [
              -76.98786,
              -12.0099
            ],
            [
              -76.9879,
              -12.00992
            ],
            [
              -76.98794,
              -12.00996
            ],
            [
              -76.98799,
              -12.00999
            ],
            [
              -76.98806,
              -12.01004
            ],
            [
              -76.98812,
              -12.01007
            ],
            [
              -76.98815,
              -12.01011
            ],
            [
              -76.98819,
              -12.01016
            ],
            [
              -76.98825,
              -12.01022
            ],
            [
              -76.98836,
              -12.01037
            ],
            [
              -76.98846,
              -12.0105
            ],
            [
              -76.98853,
              -12.0106
            ],
            [
              -76.98855,
              -12.01063
            ],
            [
              -76.98858,
              -12.0107
            ],
            [
              -76.98869,
              -12.01096
            ],
            [
              -76.98884,
              -12.01121
            ],
            [
              -76.98892,
              -12.01133
            ],
            [
              -76.98902,
              -12.01149
            ],
            [
              -76.98921,
              -12.01137
            ],
            [
              -76.98949,
              -12.01116
            ],
            [
              -76.98963,
              -12.01109
            ],
            [
              -76.98978,
              -12.01107
            ],
            [
              -76.98992,
              -12.01108
            ],
            [
              -76.99017,
              -12.01111
            ],
            [
              -76.99035,
              -12.01114
            ],
            [
              -76.99055,
              -12.01112
            ],
            [
              -76.99072,
              -12.01108
            ],
            [
              -76.99081,
              -12.01107
            ],
            [
              -76.99093,
              -12.01097
            ],
            [
              -76.99114,
              -12.01079
            ],
            [
              -76.99127,
              -12.01073
            ],
            [
              -76.99136,
              -12.01058
            ],
            [
              -76.99156,
              -12.01049
            ],
            [
              -76.9918,
              -12.01043
            ],
            [
              -76.99212,
              -12.0105
            ],
            [
              -76.99229,
              -12.01054
            ],
            [
              -76.99249,
              -12.01056
            ],
            [
              -76.99273,
              -12.01056
            ],
            [
              -76.99288,
              -12.01052
            ],
            [
              -76.99307,
              -12.0105
            ],
            [
              -76.9932,
              -12.01046
            ],
            [
              -76.99326,
              -12.01032
            ],
            [
              -76.99342,
              -12.01019
            ],
            [
              -76.99355,
              -12.00997
            ],
            [
              -76.9938,
              -12.01003
            ],
            [
              -76.99385,
              -12.01005
            ],
            [
              -76.99389,
              -12.01006
            ],
            [
              -76.99395,
              -12.01008
            ],
            [
              -76.994,
              -12.0101
            ],
            [
              -76.99408,
              -12.01012
            ],
            [
              -76.99411,
              -12.01013
            ],
            [
              -76.99416,
              -12.01006
            ],
            [
              -76.99419,
              -12.01001
            ],
            [
              -76.9943,
              -12.00981
            ],
            [
              -76.99436,
              -12.00973
            ],
            [
              -76.99441,
              -12.00963
            ],
            [
              -76.99442,
              -12.00961
            ],
            [
              -76.99443,
              -12.00959
            ],
            [
              -76.99447,
              -12.00955
            ],
            [
              -76.99447,
              -12.00956
            ],
            [
              -76.99449,
              -12.00959
            ],
            [
              -76.99453,
              -12.00964
            ],
            [
              -76.99455,
              -12.00967
            ],
            [
              -76.99457,
              -12.0097
            ],
            [
              -76.99459,
              -12.00971
            ],
            [
              -76.99461,
              -12.00972
            ],
            [
              -76.99463,
              -12.00973
            ],
            [
              -76.99469,
              -12.00974
            ],
            [
              -76.99473,
              -12.00974
            ],
            [
              -76.99484,
              -12.00972
            ],
            [
              -76.99492,
              -12.00971
            ],
            [
              -76.99499,
              -12.00969
            ],
            [
              -76.995,
              -12.0097
            ],
            [
              -76.99504,
              -12.0097
            ],
            [
              -76.99508,
              -12.00972
            ],
            [
              -76.99514,
              -12.00973
            ],
            [
              -76.99516,
              -12.00973
            ],
            [
              -76.9952,
              -12.00975
            ],
            [
              -76.99527,
              -12.00978
            ],
            [
              -76.99536,
              -12.00984
            ],
            [
              -76.99542,
              -12.00985
            ],
            [
              -76.99546,
              -12.00986
            ],
            [
              -76.99549,
              -12.00987
            ],
            [
              -76.99553,
              -12.00987
            ],
            [
              -76.99557,
              -12.00986
            ],
            [
              -76.99562,
              -12.00984
            ],
            [
              -76.99568,
              -12.00981
            ],
            [
              -76.99574,
              -12.00979
            ],
            [
              -76.99578,
              -12.00978
            ],
            [
              -76.99581,
              -12.00978
            ],
            [
              -76.99585,
              -12.00978
            ],
            [
              -76.99609,
              -12.00987
            ],
            [
              -76.99617,
              -12.0099
            ],
            [
              -76.99621,
              -12.00991
            ],
            [
              -76.99624,
              -12.00993
            ],
            [
              -76.99631,
              -12.00996
            ],
            [
              -76.99639,
              -12.01
            ],
            [
              -76.99643,
              -12.01003
            ],
            [
              -76.99646,
              -12.01006
            ],
            [
              -76.9965,
              -12.0101
            ],
            [
              -76.99651,
              -12.01012
            ],
            [
              -76.99653,
              -12.01014
            ],
            [
              -76.99654,
              -12.01016
            ],
            [
              -76.99655,
              -12.01017
            ],
            [
              -76.99656,
              -12.01018
            ],
            [
              -76.99658,
              -12.01022
            ],
            [
              -76.99668,
              -12.01017
            ],
            [
              -76.99694,
              -12.01006
            ],
            [
              -76.99694,
              -12.01006
            ],
            [
              -76.99694,
              -12.01008
            ],
            [
              -76.99695,
              -12.01011
            ],
            [
              -76.99696,
              -12.01017
            ],
            [
              -76.99697,
              -12.01022
            ],
            [
              -76.99697,
              -12.01026
            ],
            [
              -76.99698,
              -12.0103
            ],
            [
              -76.99699,
              -12.01035
            ],
            [
              -76.997,
              -12.01039
            ],
            [
              -76.997,
              -12.01042
            ],
            [
              -76.997,
              -12.01045
            ],
            [
              -76.99701,
              -12.01052
            ],
            [
              -76.99701,
              -12.01057
            ],
            [
              -76.99702,
              -12.01063
            ],
            [
              -76.99702,
              -12.01068
            ],
            [
              -76.99701,
              -12.01078
            ],
            [
              -76.99714,
              -12.01083
            ],
            [
              -76.99729,
              -12.01088
            ],
            [
              -76.99784,
              -12.01109
            ],
            [
              -76.99813,
              -12.0112
            ],
            [
              -76.99834,
              -12.01129
            ],
            [
              -76.99846,
              -12.01132
            ],
            [
              -76.99855,
              -12.01138
            ],
            [
              -76.99901,
              -12.01169
            ],
            [
              -77.00045,
              -12.01266
            ],
            [
              -77.00073,
              -12.01283
            ],
            [
              -77.00088,
              -12.01292
            ],
            [
              -77.00106,
              -12.013
            ],
            [
              -77.00132,
              -12.01308
            ],
            [
              -77.00148,
              -12.01311
            ],
            [
              -77.00161,
              -12.01313
            ],
            [
              -77.00169,
              -12.01316
            ],
            [
              -77.00181,
              -12.01318
            ],
            [
              -77.00189,
              -12.01317
            ],
            [
              -77.00197,
              -12.01317
            ],
            [
              -77.00202,
              -12.01316
            ],
            [
              -77.00192,
              -12.01451
            ],
            [
              -77.00188,
              -12.01553
            ],
            [
              -77.00186,
              -12.01599
            ],
            [
              -77.00187,
              -12.01618
            ],
            [
              -77.00185,
              -12.01634
            ],
            [
              -77.00188,
              -12.01649
            ],
            [
              -77.00191,
              -12.01664
            ],
            [
              -77.00195,
              -12.01683
            ],
            [
              -77.002,
              -12.01699
            ],
            [
              -77.00204,
              -12.0171
            ],
            [
              -77.00214,
              -12.01727
            ],
            [
              -77.00227,
              -12.01748
            ],
            [
              -77.00239,
              -12.01766
            ],
            [
              -77.00306,
              -12.01852
            ],
            [
              -77.00329,
              -12.0188
            ],
            [
              -77.00344,
              -12.01898
            ],
            [
              -77.00352,
              -12.01905
            ],
            [
              -77.00363,
              -12.01917
            ],
            [
              -77.00381,
              -12.01933
            ],
            [
              -77.00399,
              -12.01948
            ],
            [
              -77.00449,
              -12.01988
            ],
            [
              -77.00482,
              -12.02018
            ],
            [
              -77.00518,
              -12.02053
            ],
            [
              -77.00674,
              -12.02219
            ],
            [
              -77.00809,
              -12.02362
            ],
            [
              -77.00905,
              -12.02464
            ],
            [
              -77.00995,
              -12.02558
            ],
            [
              -77.0101,
              -12.02573
            ],
            [
              -77.01026,
              -12.02591
            ],
            [
              -77.01036,
              -12.02607
            ],
            [
              -77.01053,
              -12.02636
            ],
            [
              -77.01065,
              -12.02658
            ],
            [
              -77.01082,
              -12.02693
            ],
            [
              -77.01109,
              -12.02755
            ],
            [
              -77.01132,
              -12.02804
            ],
            [
              -77.01149,
              -12.02846
            ],
            [
              -77.01165,
              -12.02891
            ],
            [
              -77.01182,
              -12.02946
            ],
            [
              -77.01196,
              -12.02994
            ],
            [
              -77.01201,
              -12.03018
            ],
            [
              -77.01205,
              -12.03039
            ],
            [
              -77.01212,
              -12.03061
            ],
            [
              -77.01217,
              -12.03094
            ],
            [
              -77.0122,
              -12.03122
            ],
            [
              -77.01221,
              -12.03141
            ],
            [
              -77.01219,
              -12.03162
            ],
            [
              -77.01216,
              -12.03185
            ],
            [
              -77.01213,
              -12.0321
            ],
            [
              -77.01208,
              -12.03235
            ],
            [
              -77.01205,
              -12.03249
            ],
            [
              -77.01202,
              -12.03276
            ],
            [
              -77.01194,
              -12.03333
            ],
            [
              -77.01181,
              -12.03307
            ],
            [
              -77.01181,
              -12.03307
            ]
          ]
        ]
      }
    }
  ]
}